"DateTime","Cases","Deaths","Hospital Admissions"
"2020-03-05 00:00:00",0.09,,0.82
"2020-03-06 00:00:00",0.12,,1.14
"2020-03-07 00:00:00",0.16,,1.17
"2020-03-08 00:00:00",0.16,,1.17
"2020-03-09 00:00:00",0.26,,1.75
"2020-03-10 00:00:00",0.36,,2.53
"2020-03-11 00:00:00",0.48,,3.8
"2020-03-12 00:00:00",0.7,,4.19
"2020-03-13 00:00:00",0.95,,4.19
"2020-03-14 00:00:00",1.03,,4.87
"2020-03-15 00:00:00",1.09,,5.55
"2020-03-16 00:00:00",1.12,,5.94
"2020-03-17 00:00:00",1.25,,7.21
"2020-03-18 00:00:00",1.35,3.05,7.59
"2020-03-19 00:00:00",1.42,3.46,9.44
"2020-03-20 00:00:00",1.64,4.47,13.63
"2020-03-21 00:00:00",1.93,5.49,17.53
"2020-03-22 00:00:00",2.31,6.5,20.35
"2020-03-23 00:00:00",3.02,7.32,26.29
"2020-03-24 00:00:00",3.77,9.15,31.16
"2020-03-25 00:00:00",4.66,12.8,38.36
"2020-03-26 00:00:00",5.71,16.87,46.35
"2020-03-27 00:00:00",6.87,20.53,53.26
"2020-03-28 00:00:00",7.7,26.63,62.12
"2020-03-29 00:00:00",8.45,30.89,69.91
"2020-03-30 00:00:00",9.53,39.84,77.9
"2020-03-31 00:00:00",10.59,48.98,85.1
"2020-04-01 00:00:00",11.81,57.72,94.35
"2020-04-02 00:00:00",12.59,65.24,97.57
"2020-04-03 00:00:00",13.24,75.81,103.51
"2020-04-04 00:00:00",13.58,79.67,102.53
"2020-04-05 00:00:00",13.75,91.67,104.09
"2020-04-06 00:00:00",14.28,99.8,105.55
"2020-04-07 00:00:00",14.35,105.49,105.16
"2020-04-08 00:00:00",14.07,110.98,98.64
"2020-04-09 00:00:00",13.78,120.53,95.52
"2020-04-10 00:00:00",13.47,125.2,87.44
"2020-04-11 00:00:00",13.01,132.93,81.01
"2020-04-12 00:00:00",12.98,130.69,74.49
"2020-04-13 00:00:00",12.7,128.66,66.31
"2020-04-14 00:00:00",12.67,131.71,60.56
"2020-04-15 00:00:00",12.59,132.11,56.28
"2020-04-16 00:00:00",13.35,130.69,53.16
"2020-04-17 00:00:00",13.74,127.85,51.61
"2020-04-18 00:00:00",14.22,128.05,51.22
"2020-04-19 00:00:00",13.85,131.1,49.37
"2020-04-20 00:00:00",13.78,135.98,46.54
"2020-04-21 00:00:00",14.11,135.16,43.82
"2020-04-22 00:00:00",14.17,133.94,41.29
"2020-04-23 00:00:00",13.47,128.05,38.75
"2020-04-24 00:00:00",12.94,126.42,37.59
"2020-04-25 00:00:00",12.45,123.17,34.66
"2020-04-26 00:00:00",12.53,120.73,33.01
"2020-04-27 00:00:00",13.05,116.67,33.2
"2020-04-28 00:00:00",12.95,109.15,32.81
"2020-04-29 00:00:00",13.5,105.28,31.35
"2020-04-30 00:00:00",13.64,104.47,29.8
"2020-05-01 00:00:00",14.06,102.64,26.87
"2020-05-02 00:00:00",14.29,98.78,27.26
"2020-05-03 00:00:00",14.39,95.12,27.46
"2020-05-04 00:00:00",13.75,90.45,25.71
"2020-05-05 00:00:00",13.18,92.07,23.56
"2020-05-06 00:00:00",12.42,90.04,23.66
"2020-05-07 00:00:00",12.18,88.62,22.78
"2020-05-08 00:00:00",11.47,86.79,21.52
"2020-05-09 00:00:00",11.22,84.76,19.67
"2020-05-10 00:00:00",11,80.28,18.89
"2020-05-11 00:00:00",10.61,76.83,17.72
"2020-05-12 00:00:00",10.26,70.33,17.53
"2020-05-13 00:00:00",9.6,69.11,15.97
"2020-05-14 00:00:00",9.08,66.87,15.38
"2020-05-15 00:00:00",8.43,61.99,15.19
"2020-05-16 00:00:00",7.96,59.35,15.09
"2020-05-17 00:00:00",7.6,58.54,13.53
"2020-05-18 00:00:00",6.84,56.3,13.05
"2020-05-19 00:00:00",6.55,55.49,11
"2020-05-20 00:00:00",6.08,50.61,10.22
"2020-05-21 00:00:00",5.48,47.36,9.25
"2020-05-22 00:00:00",5.11,44.31,8.28
"2020-05-23 00:00:00",4.79,39.84,7.98
"2020-05-24 00:00:00",4.55,35.77,7.79
"2020-05-25 00:00:00",4.27,33.33,6.43
"2020-05-26 00:00:00",6.07,31.3,6.62
"2020-05-27 00:00:00",5.74,30.08,6.13
"2020-05-28 00:00:00",5.4,27.64,5.55
"2020-05-29 00:00:00",5.03,27.64,5.16
"2020-05-30 00:00:00",4.97,27.03,4.28
"2020-05-31 00:00:00",4.79,26.42,4.48
"2020-06-01 00:00:00",4.43,23.17,3.99
"2020-06-02 00:00:00",1.81,21.75,3.41
"2020-06-03 00:00:00",1.62,19.51,3.12
"2020-06-04 00:00:00",1.49,16.06,3.12
"2020-06-05 00:00:00",1.46,15.24,3.02
"2020-06-06 00:00:00",1.35,14.43,3.21
"2020-06-07 00:00:00",1.31,14.23,2.82
"2020-06-08 00:00:00",1.19,14.84,2.82
"2020-06-09 00:00:00",1.07,13.01,3.02
"2020-06-10 00:00:00",1.04,13.01,3.02
"2020-06-11 00:00:00",0.97,12.8,3.02
"2020-06-12 00:00:00",1,10.57,2.24
"2020-06-13 00:00:00",1,10.16,2.14
"2020-06-14 00:00:00",0.98,9.55,2.14
"2020-06-15 00:00:00",1,9.55,2.24
"2020-06-16 00:00:00",0.94,10.16,2.24
"2020-06-17 00:00:00",0.96,9.76,2.14
"2020-06-18 00:00:00",0.91,10.77,1.75
"2020-06-19 00:00:00",0.87,10.37,2.04
"2020-06-20 00:00:00",0.78,10.57,1.85
"2020-06-21 00:00:00",0.75,10.77,1.46
"2020-06-22 00:00:00",0.69,10.16,1.46
"2020-06-23 00:00:00",0.7,9.15,1.27
"2020-06-24 00:00:00",0.55,7.72,1.07
"2020-06-25 00:00:00",0.58,6.3,1.27
"2020-06-26 00:00:00",0.47,6.5,0.97
"2020-06-27 00:00:00",0.46,6.1,0.97
"2020-06-28 00:00:00",0.43,4.67,1.07
"2020-06-29 00:00:00",0.45,3.86,0.78
"2020-06-30 00:00:00",0.38,3.66,0.58
"2020-07-01 00:00:00",0.39,3.86,0.68
"2020-07-02 00:00:00",0.36,3.66,0.49
"2020-07-03 00:00:00",0.36,3.25,0.58
"2020-07-04 00:00:00",0.37,2.85,0.49
"2020-07-05 00:00:00",0.36,2.85,0.49
"2020-07-06 00:00:00",0.33,3.05,0.58
"2020-07-07 00:00:00",0.35,2.64,0.58
"2020-07-08 00:00:00",0.34,2.03,0.39
"2020-07-09 00:00:00",0.31,1.83,0.39
"2020-07-10 00:00:00",0.34,1.63,0.49
"2020-07-11 00:00:00",0.36,1.63,0.68
"2020-07-12 00:00:00",0.36,1.42,0.58
"2020-07-13 00:00:00",0.43,1.02,0.39
"2020-07-14 00:00:00",0.43,1.63,0.49
"2020-07-15 00:00:00",0.46,1.83,0.49
"2020-07-16 00:00:00",0.55,1.83,0.58
"2020-07-17 00:00:00",0.52,1.83,0.39
"2020-07-18 00:00:00",0.55,1.63,0.19
"2020-07-19 00:00:00",0.64,2.03,0.39
"2020-07-20 00:00:00",0.61,2.03,0.39
"2020-07-21 00:00:00",0.67,1.42,0.29
"2020-07-22 00:00:00",0.68,1.02,0.29
"2020-07-23 00:00:00",0.69,1.02,0.19
"2020-07-24 00:00:00",0.7,1.22,0.19
"2020-07-25 00:00:00",0.64,1.02,0.49
"2020-07-26 00:00:00",0.58,0.81,0.29
"2020-07-27 00:00:00",0.57,0.61,0.29
"2020-07-28 00:00:00",0.6,1.42,0.29
"2020-07-29 00:00:00",0.67,1.83,0.49
"2020-07-30 00:00:00",0.7,1.83,0.49
"2020-07-31 00:00:00",0.77,1.63,0.49
"2020-08-01 00:00:00",0.89,1.42,0.29
"2020-08-02 00:00:00",0.97,1.22,0.29
"2020-08-03 00:00:00",1.25,1.42,0.29
"2020-08-04 00:00:00",1.45,0.81,0.39
"2020-08-05 00:00:00",1.66,0.81,0.29
"2020-08-06 00:00:00",1.88,1.02,0.29
"2020-08-07 00:00:00",2.02,1.02,0.39
"2020-08-08 00:00:00",2.05,1.02,0.29
"2020-08-09 00:00:00",2.09,1.02,0.29
"2020-08-10 00:00:00",2.08,0.81,0.58
"2020-08-11 00:00:00",2.13,0.61,0.58
"2020-08-12 00:00:00",2.02,0.2,0.49
"2020-08-13 00:00:00",1.96,0.2,0.58
"2020-08-14 00:00:00",1.99,0.2,0.68
"2020-08-15 00:00:00",1.96,0.41,0.97
"2020-08-16 00:00:00",1.98,0.61,1.07
"2020-08-17 00:00:00",2.06,0.81,0.97
"2020-08-18 00:00:00",2.14,1.02,0.97
"2020-08-19 00:00:00",2.4,1.42,1.17
"2020-08-20 00:00:00",2.94,1.22,1.36
"2020-08-21 00:00:00",3.18,1.22,1.36
"2020-08-22 00:00:00",3.33,1.22,1.27
"2020-08-23 00:00:00",3.55,1.22,1.17
"2020-08-24 00:00:00",3.47,1.02,1.17
"2020-08-25 00:00:00",3.43,1.02,1.46
"2020-08-26 00:00:00",3.47,0.81,1.56
"2020-08-27 00:00:00",3.22,1.02,1.46
"2020-08-28 00:00:00",3.31,1.22,1.56
"2020-08-29 00:00:00",3.6,1.02,1.56
"2020-08-30 00:00:00",3.83,1.02,1.75
"2020-08-31 00:00:00",4.34,1.02,1.75
"2020-09-01 00:00:00",5.11,0.81,1.46
"2020-09-02 00:00:00",5.68,0.81,1.46
"2020-09-03 00:00:00",6.3,0.81,1.36
"2020-09-04 00:00:00",6.7,0.81,1.85
"2020-09-05 00:00:00",6.95,1.02,1.95
"2020-09-06 00:00:00",7.26,0.81,1.85
"2020-09-07 00:00:00",7.41,0.81,2.34
"2020-09-08 00:00:00",6.83,0.81,2.73
"2020-09-09 00:00:00",7.01,1.22,2.73
"2020-09-10 00:00:00",7.1,1.02,3.31
"2020-09-11 00:00:00",7.34,1.02,3.12
"2020-09-12 00:00:00",7.78,1.22,3.31
"2020-09-13 00:00:00",7.87,1.42,3.6
"2020-09-14 00:00:00",7.92,2.03,3.8
"2020-09-15 00:00:00",8.67,2.03,3.89
"2020-09-16 00:00:00",8.96,1.42,5.06
"2020-09-17 00:00:00",9.19,1.63,5.16
"2020-09-18 00:00:00",9.55,2.03,5.16
"2020-09-19 00:00:00",9.69,1.63,5.45
"2020-09-20 00:00:00",10.58,2.24,6.04
"2020-09-21 00:00:00",12.27,2.03,6.04
"2020-09-22 00:00:00",13.89,2.64,7.59
"2020-09-23 00:00:00",15.7,3.05,7.4
"2020-09-24 00:00:00",18.5,3.05,8.57
"2020-09-25 00:00:00",20.38,2.64,9.64
"2020-09-26 00:00:00",21.61,3.05,10.03
"2020-09-27 00:00:00",21.87,2.85,11
"2020-09-28 00:00:00",22.9,3.05,12.66
"2020-09-29 00:00:00",23.91,2.64,12.17
"2020-09-30 00:00:00",25.28,3.05,13.15
"2020-10-01 00:00:00",25.66,4.07,14.22
"2020-10-02 00:00:00",27.11,4.07,15.97
"2020-10-03 00:00:00",28.7,4.27,17.53
"2020-10-04 00:00:00",31.03,4.27,18.4
"2020-10-05 00:00:00",33.91,3.86,20.35
"2020-10-06 00:00:00",37.15,5.08,24.34
"2020-10-07 00:00:00",39.94,6.3,26.97
"2020-10-08 00:00:00",42.32,7.32,29.41
"2020-10-09 00:00:00",44.01,8.54,30.09
"2020-10-10 00:00:00",45.51,10.77,31.74
"2020-10-11 00:00:00",46.83,12.6,34.18
"2020-10-12 00:00:00",48.38,14.63,36.61
"2020-10-13 00:00:00",49.78,16.06,39.14
"2020-10-14 00:00:00",50.04,15.24,41.09
"2020-10-15 00:00:00",50.79,16.26,42.94
"2020-10-16 00:00:00",51.75,19.72,48.3
"2020-10-17 00:00:00",51.23,18.9,50.54
"2020-10-18 00:00:00",50.46,20.73,51.31
"2020-10-19 00:00:00",50.49,22.15,53.55
"2020-10-20 00:00:00",52.12,23.17,55.6
"2020-10-21 00:00:00",53.83,25,57.74
"2020-10-22 00:00:00",55.04,25.81,59.79
"2020-10-23 00:00:00",55.21,24.8,59.4
"2020-10-24 00:00:00",55.81,27.03,60.08
"2020-10-25 00:00:00",56.45,27.24,62.71
"2020-10-26 00:00:00",56.37,30.08,62.9
"2020-10-27 00:00:00",54.04,30.49,62.03
"2020-10-28 00:00:00",52.15,33.54,62.32
"2020-10-29 00:00:00",49.76,35.57,59.59
"2020-10-30 00:00:00",48.59,39.02,60.27
"2020-10-31 00:00:00",47.31,40.24,60.47
"2020-11-01 00:00:00",47.48,43.5,59.49
"2020-11-02 00:00:00",48.28,42.89,56.86
"2020-11-03 00:00:00",48.79,45.33,55.6
"2020-11-04 00:00:00",49,43.7,53.65
"2020-11-05 00:00:00",50.21,46.75,53.46
"2020-11-06 00:00:00",50.49,45.53,49.85
"2020-11-07 00:00:00",51.1,47.76,47.71
"2020-11-08 00:00:00",50.52,48.17,46.15
"2020-11-09 00:00:00",49.43,51.02,45.96
"2020-11-10 00:00:00",48.8,52.64,43.82
"2020-11-11 00:00:00",48.48,56.1,43.33
"2020-11-12 00:00:00",47.86,53.66,43.91
"2020-11-13 00:00:00",47.37,55.89,44.69
"2020-11-14 00:00:00",47.75,57.52,46.35
"2020-11-15 00:00:00",47.41,56.71,46.54
"2020-11-16 00:00:00",47.3,54.88,46.35
"2020-11-17 00:00:00",46.93,54.27,47.42
"2020-11-18 00:00:00",46.11,52.03,46.74
"2020-11-19 00:00:00",44.83,51.22,46.45
"2020-11-20 00:00:00",43.65,49.59,46.74
"2020-11-21 00:00:00",42.8,47.56,45.67
"2020-11-22 00:00:00",42.14,48.78,44.01
"2020-11-23 00:00:00",41.41,49.39,44.89
"2020-11-24 00:00:00",40,48.37,44.79
"2020-11-25 00:00:00",38.89,50.41,44.3
"2020-11-26 00:00:00",37.81,50.41,42.06
"2020-11-27 00:00:00",37.07,49.8,39.63
"2020-11-28 00:00:00",35.9,51.22,37.29
"2020-11-29 00:00:00",34.98,48.98,36.71
"2020-11-30 00:00:00",33.88,49.8,34.57
"2020-12-01 00:00:00",33.51,48.78,31.45
"2020-12-02 00:00:00",33.63,46.34,31.74
"2020-12-03 00:00:00",33.63,48.58,31.35
"2020-12-04 00:00:00",33.09,49.19,31.65
"2020-12-05 00:00:00",33.67,44.72,32.04
"2020-12-06 00:00:00",34.19,44.31,31.84
"2020-12-07 00:00:00",34.06,42.89,32.13
"2020-12-08 00:00:00",34.75,43.9,33.5
"2020-12-09 00:00:00",35.13,44.11,31.65
"2020-12-10 00:00:00",35.72,42.48,32.33
"2020-12-11 00:00:00",37.08,40.45,33.11
"2020-12-12 00:00:00",37.17,41.46,33.11
"2020-12-13 00:00:00",37.63,40.85,33.4
"2020-12-14 00:00:00",38.4,41.67,34.76
"2020-12-15 00:00:00",38.3,42.68,34.18
"2020-12-16 00:00:00",38.38,44.11,36.22
"2020-12-17 00:00:00",38.43,45.53,37.39
"2020-12-18 00:00:00",38.71,45.93,36.81
"2020-12-19 00:00:00",39.12,46.95,37.88
"2020-12-20 00:00:00",39.69,48.17,38.36
"2020-12-21 00:00:00",41.04,46.75,38.17
"2020-12-22 00:00:00",42.85,45.33,38.75
"2020-12-23 00:00:00",44.6,45.73,38.36
"2020-12-24 00:00:00",45.23,46.34,36.81
"2020-12-25 00:00:00",42.77,49.8,35.93
"2020-12-26 00:00:00",44.61,50.81,37.1
"2020-12-27 00:00:00",49.88,52.64,40.7
"2020-12-28 00:00:00",52.95,52.85,43.43
"2020-12-29 00:00:00",63.92,53.05,48.88
"2020-12-30 00:00:00",74,53.05,53.94
"2020-12-31 00:00:00",82.26,53.05,60.76
"2021-01-01 00:00:00",86.18,52.24,65.24
"2021-01-02 00:00:00",93.24,54.88,68.84
"2021-01-03 00:00:00",96.51,56.3,70.11
"2021-01-04 00:00:00",100,58.13,73.42
"2021-01-05 00:00:00",99.5,60.57,75.37
"2021-01-06 00:00:00",96.92,64.43,78.38
"2021-01-07 00:00:00",95.84,65.65,81.21
"2021-01-08 00:00:00",99.88,68.09,85.98
"2021-01-09 00:00:00",95.54,66.06,89.19
"2021-01-10 00:00:00",90.71,69.31,92.5
"2021-01-11 00:00:00",88.94,71.95,97.37
"2021-01-12 00:00:00",82.49,74.59,100
"2021-01-13 00:00:00",77.42,74.19,98.83
"2021-01-14 00:00:00",73.95,77.44,97.96
"2021-01-15 00:00:00",72.2,80.28,99.22
"2021-01-16 00:00:00",70.25,88.01,98.25
"2021-01-17 00:00:00",68.89,85.16,96.69
"2021-01-18 00:00:00",66.78,88.82,91.24
"2021-01-19 00:00:00",64.12,92.89,90.56
"2021-01-20 00:00:00",63.31,95.93,90.85
"2021-01-21 00:00:00",60.97,96.54,91.43
"2021-01-22 00:00:00",59.11,99.19,88.12
"2021-01-23 00:00:00",57.66,95.12,86.85
"2021-01-24 00:00:00",55.6,100,83.45
"2021-01-25 00:00:00",53.07,96.75,82.77
"2021-01-26 00:00:00",50.81,92.07,79.75
"2021-01-27 00:00:00",47.99,91.26,77.8
"2021-01-28 00:00:00",47.22,88.01,73.9
"2021-01-29 00:00:00",45.6,84.96,73.03
"2021-01-30 00:00:00",44.64,83.54,69.81
"2021-01-31 00:00:00",44.32,78.86,69.43
"2021-02-01 00:00:00",42.97,77.44,67.77
"2021-02-02 00:00:00",42.18,76.83,64.36
"2021-02-03 00:00:00",41.09,74.39,60.56
"2021-02-04 00:00:00",39.78,72.15,59.01
"2021-02-05 00:00:00",39.63,69.72,56.28
"2021-02-06 00:00:00",39.2,70.12,55.31
"2021-02-07 00:00:00",38.26,69.51,54.82
"2021-02-08 00:00:00",37.58,68.5,50.63
"2021-02-09 00:00:00",35.81,69.92,50.15
"2021-02-10 00:00:00",35.26,67.89,49.27
"2021-02-11 00:00:00",34.93,68.9,48.88
"2021-02-12 00:00:00",34.73,68.29,47.52
"2021-02-13 00:00:00",33.73,64.84,46.54
"2021-02-14 00:00:00",33.89,63.62,45.28
"2021-02-15 00:00:00",33.74,63.01,45.18
"2021-02-16 00:00:00",34.72,58.13,45.76
"2021-02-17 00:00:00",34.59,56.71,44.6
"2021-02-18 00:00:00",34.8,55.89,42.16
"2021-02-19 00:00:00",34.72,56.5,42.55
"2021-02-20 00:00:00",35.45,56.71,43.14
"2021-02-21 00:00:00",35.01,53.86,42.55
"2021-02-22 00:00:00",33.93,50.81,43.14
"2021-02-23 00:00:00",32.55,48.37,40.12
"2021-02-24 00:00:00",31.78,46.14,39.44
"2021-02-25 00:00:00",30.28,42.48,38.36
"2021-02-26 00:00:00",28.05,36.18,36.32
"2021-02-27 00:00:00",26.55,34.35,34.27
"2021-02-28 00:00:00",25.46,31.1,33.11
"2021-03-01 00:00:00",24.03,30.49,32.52
"2021-03-02 00:00:00",23,29.67,32.33
"2021-03-03 00:00:00",21.75,27.64,31.06
"2021-03-04 00:00:00",21.32,26.22,29.89
"2021-03-05 00:00:00",20.96,24.8,28.04
"2021-03-06 00:00:00",21.36,21.75,26.19
"2021-03-07 00:00:00",21.39,21.54,23.95
"2021-03-08 00:00:00",21.63,21.34,21.32
"2021-03-09 00:00:00",22.46,20.53,19.57
"2021-03-10 00:00:00",23.26,18.7,19.08
"2021-03-11 00:00:00",23.88,17.68,18.21
"2021-03-12 00:00:00",24.59,17.07,17.72
"2021-03-13 00:00:00",24.48,15.85,17.62
"2021-03-14 00:00:00",24.54,16.67,18.11
"2021-03-15 00:00:00",25.12,13.62,18.6
"2021-03-16 00:00:00",24.61,13.41,17.23
"2021-03-17 00:00:00",24.46,14.84,16.85
"2021-03-18 00:00:00",23.8,13.82,17.14
"2021-03-19 00:00:00",23.57,14.23,16.26
"2021-03-20 00:00:00",23.53,14.63,15.68
"2021-03-21 00:00:00",23.64,13.62,15.58
"2021-03-22 00:00:00",23.63,14.02,14.31
"2021-03-23 00:00:00",23.83,13.21,14.8
"2021-03-24 00:00:00",23.49,11.99,14.61
"2021-03-25 00:00:00",23.61,12.6,14.61
"2021-03-26 00:00:00",23.19,11.99,14.7
"2021-03-27 00:00:00",22.75,11.38,14.41
"2021-03-28 00:00:00",22.1,10.57,14.41
"2021-03-29 00:00:00",21.07,10.16,14.31
"2021-03-30 00:00:00",19.81,9.35,13.24
"2021-03-31 00:00:00",18.89,9.35,12.85
"2021-04-01 00:00:00",17.94,8.74,11.98
"2021-04-02 00:00:00",17.21,8.13,12.46
"2021-04-03 00:00:00",16.56,7.93,12.56
"2021-04-04 00:00:00",15.95,6.71,11.59
"2021-04-05 00:00:00",14.65,6.3,11.98
"2021-04-06 00:00:00",14.41,5.89,12.17
"2021-04-07 00:00:00",13.75,5.69,11.98
"2021-04-08 00:00:00",12.94,5.28,11.78
"2021-04-09 00:00:00",12.41,4.67,11
"2021-04-10 00:00:00",12.11,4.88,10.61
"2021-04-11 00:00:00",11.84,5.69,10.32
"2021-04-12 00:00:00",11.59,4.67,8.76
"2021-04-13 00:00:00",11.04,5.28,8.08
"2021-04-14 00:00:00",10.6,4.67,7.79
"2021-04-15 00:00:00",10.09,4.67,7.4
"2021-04-16 00:00:00",9.81,4.47,6.82
"2021-04-17 00:00:00",9.64,4.27,6.52
"2021-04-18 00:00:00",9.41,3.66,6.52
"2021-04-19 00:00:00",9.44,4.27,6.82
"2021-04-20 00:00:00",9.32,3.66,6.91
"2021-04-21 00:00:00",9.44,4.67,6.43
"2021-04-22 00:00:00",9.66,4.27,6.23
"2021-04-23 00:00:00",9.49,4.67,6.52
"2021-04-24 00:00:00",9.18,4.27,6.33
"2021-04-25 00:00:00",8.79,4.67,6.13
"2021-04-26 00:00:00",8.37,4.47,5.94
"2021-04-27 00:00:00",8.09,4.07,5.84
"2021-04-28 00:00:00",7.86,3.05,5.36
"2021-04-29 00:00:00",7.5,3.05,5.16
"2021-04-30 00:00:00",7.39,2.44,4.97
"2021-05-01 00:00:00",7.24,2.24,5.16
"2021-05-02 00:00:00",7.32,2.03,5.16
"2021-05-03 00:00:00",7.1,1.63,4.97
"2021-05-04 00:00:00",7.09,1.63,4.77
"2021-05-05 00:00:00",7.25,1.42,5.06
"2021-05-06 00:00:00",7.51,1.22,5.65
"2021-05-07 00:00:00",7.69,1.22,5.26
"2021-05-08 00:00:00",8.05,1.02,5.55
"2021-05-09 00:00:00",8.59,0.61,5.65
"2021-05-10 00:00:00",9.63,0.81,5.55
"2021-05-11 00:00:00",10.16,0.61,5.94
"2021-05-12 00:00:00",10.63,0.81,6.33
"2021-05-13 00:00:00",11.23,1.02,5.65
"2021-05-14 00:00:00",11.78,1.42,5.74
"2021-05-15 00:00:00",12.04,1.42,5.26
"2021-05-16 00:00:00",12.18,1.63,5.55
"2021-05-17 00:00:00",12.38,1.83,6.13
"2021-05-18 00:00:00",13.2,1.83,6.62
"2021-05-19 00:00:00",13.88,1.42,7.21
"2021-05-20 00:00:00",14.32,1.22,8.08
"2021-05-21 00:00:00",14.71,0.81,9.35
"2021-05-22 00:00:00",15.11,1.02,10.32
"2021-05-23 00:00:00",15.67,1.02,10.42
"2021-05-24 00:00:00",16.5,0.81,10.91
"2021-05-25 00:00:00",17.08,1.22,10.91
"2021-05-26 00:00:00",18.39,1.42,10.22
"2021-05-27 00:00:00",19.43,1.22,9.74
"2021-05-28 00:00:00",20.57,1.42,9.54
"2021-05-29 00:00:00",21.43,1.83,9.93
"2021-05-30 00:00:00",22.41,1.83,10.32
"2021-05-31 00:00:00",23.04,1.63,10.32
"2021-06-01 00:00:00",24.7,1.42,11.59
"2021-06-02 00:00:00",26.71,1.42,12.17
"2021-06-03 00:00:00",29.12,1.83,13.44
"2021-06-04 00:00:00",30.84,1.83,13.34
"2021-06-05 00:00:00",31.91,1.42,13.15
"2021-06-06 00:00:00",33.09,1.42,14.02
"2021-06-07 00:00:00",35.24,1.63,14.7
"2021-06-08 00:00:00",36.79,1.63,13.83
"2021-06-09 00:00:00",37.41,2.03,14.02
"2021-06-10 00:00:00",37.99,1.63,14.22
"2021-06-11 00:00:00",38.26,1.63,14.31
"2021-06-12 00:00:00",38.87,1.42,15
"2021-06-13 00:00:00",39.94,1.83,14.61
"2021-06-14 00:00:00",41.03,1.83,15.19
"2021-06-15 00:00:00",42.52,2.85,15.58
"2021-06-16 00:00:00",43.82,2.44,17.14
"2021-06-17 00:00:00",44.57,2.85,16.36
"2021-06-18 00:00:00",46.76,3.25,18.21
"2021-06-19 00:00:00",48.52,3.66,18.01
"2021-06-20 00:00:00",52.79,3.46,18.11
"2021-06-21 00:00:00",64.45,3.46,17.82
"2021-06-22 00:00:00",76.59,3.25,18.79
"2021-06-23 00:00:00",86.63,3.25,19.57
"2021-06-24 00:00:00",97.56,3.46,21.23
"2021-06-25 00:00:00",106.07,3.05,20.64
"2021-06-26 00:00:00",114.03,4.07,21.23
"2021-06-27 00:00:00",119.85,4.47,21.71
"2021-06-28 00:00:00",125.26,5.28,23.86
"2021-06-29 00:00:00",128.99,4.88,25.8
"2021-06-30 00:00:00",135.16,5.28,26.68
"2021-07-01 00:00:00",138.12,5.08,28.14
"2021-07-02 00:00:00",140.9,5.49,30.57
"2021-07-03 00:00:00",142.17,4.47,32.23
"2021-07-04 00:00:00",141.58,4.67,35.64
"2021-07-05 00:00:00",138.29,4.88,37.49
"2021-07-06 00:00:00",133.45,6.91,40.6
"2021-07-07 00:00:00",127.22,7.52,44.11
"2021-07-08 00:00:00",122.88,9.35,47.13
"2021-07-09 00:00:00",118.63,10.37,48.49
"2021-07-10 00:00:00",114.37,11.79,50.34
"2021-07-11 00:00:00",111.14,11.79,49.46
"2021-07-12 00:00:00",106.19,11.99,51.02
"2021-07-13 00:00:00",102.26,10.98,51.02
"2021-07-14 00:00:00",97.97,11.18,48.78
"2021-07-15 00:00:00",93.27,10.57,47.32
"2021-07-16 00:00:00",89.42,9.96,45.86
"2021-07-17 00:00:00",86.88,9.35,43.72
"2021-07-18 00:00:00",83.84,10.16,43.62
"2021-07-19 00:00:00",79.75,10.57,41.29
"2021-07-20 00:00:00",74.61,10.16,37.88
"2021-07-21 00:00:00",70.77,10.57,38.27
"2021-07-22 00:00:00",67.23,10.57,36.81
"2021-07-23 00:00:00",64.32,11.18,36.32
"2021-07-24 00:00:00",61.6,10.37,35.64
"2021-07-25 00:00:00",58.91,9.55,34.18
"2021-07-26 00:00:00",55.65,8.94,32.81
"2021-07-27 00:00:00",54.17,9.55,32.72
"2021-07-28 00:00:00",52.44,9.15,31.65
"2021-07-29 00:00:00",51.17,8.74,29.89
"2021-07-30 00:00:00",49.66,8.54,28.43
"2021-07-31 00:00:00",48.52,9.55,27.56
"2021-08-01 00:00:00",48.09,10.98,26.97
"2021-08-02 00:00:00",47.77,11.18,26.78
"2021-08-03 00:00:00",47.84,9.96,25.41
"2021-08-04 00:00:00",47.9,9.96,23.17
"2021-08-05 00:00:00",48.88,10.16,24.05
"2021-08-06 00:00:00",50.27,10.16,24.44
"2021-08-07 00:00:00",51.34,10.57,24.54
"2021-08-08 00:00:00",52.4,9.55,24.15
"2021-08-09 00:00:00",53.46,9.35,22.69
"2021-08-10 00:00:00",54.38,9.76,24.34
"2021-08-11 00:00:00",56.09,9.35,23.95
"2021-08-12 00:00:00",56.46,8.54,22.69
"2021-08-13 00:00:00",58.09,9.15,21.62
"2021-08-14 00:00:00",61.37,8.94,21.62
"2021-08-15 00:00:00",64.92,8.94,21.32
"2021-08-16 00:00:00",72.56,8.54,20.35
"2021-08-17 00:00:00",83.9,8.33,19.18
"2021-08-18 00:00:00",96.97,8.74,20.35
"2021-08-19 00:00:00",111.18,9.55,21.23
"2021-08-20 00:00:00",122.84,9.15,23.37
"2021-08-21 00:00:00",132.37,8.54,24.25
"2021-08-22 00:00:00",144.72,8.33,25.8
"2021-08-23 00:00:00",161.71,9.35,28.92
"2021-08-24 00:00:00",175.41,9.35,31.06
"2021-08-25 00:00:00",194.55,9.35,35.05
"2021-08-26 00:00:00",216.09,9.35,38.95
"2021-08-27 00:00:00",232.01,9.96,42.16
"2021-08-28 00:00:00",242.47,10.77,46.15
"2021-08-29 00:00:00",247.31,11.18,49.66
"2021-08-30 00:00:00",253.55,10.37,52.97
"2021-08-31 00:00:00",261.9,11.59,57.06
"2021-09-01 00:00:00",265.98,11.99,60.86
"2021-09-02 00:00:00",267.99,12.6,62.61
"2021-09-03 00:00:00",268.62,12.6,66.11
"2021-09-04 00:00:00",270.14,12.8,68.35
"2021-09-05 00:00:00",273,14.63,69.43
"2021-09-06 00:00:00",276.31,16.46,74.1
"2021-09-07 00:00:00",274.47,18.29,79.75
"2021-09-08 00:00:00",266.53,18.7,80.62
"2021-09-09 00:00:00",254.01,20.53,84.23
"2021-09-10 00:00:00",245.55,23.17,86.47
"2021-09-11 00:00:00",237.05,25.2,87.44
"2021-09-12 00:00:00",227.54,25.81,90.07
"2021-09-13 00:00:00",215.16,27.24,90.94
"2021-09-14 00:00:00",203.36,28.25,88.22
"2021-09-15 00:00:00",190.13,29.88,89
"2021-09-16 00:00:00",178.07,29.88,87.83
"2021-09-17 00:00:00",169.52,29.67,84.91
"2021-09-18 00:00:00",163.36,30.28,83.06
"2021-09-19 00:00:00",159.87,32.32,79.55
"2021-09-20 00:00:00",153.3,32.93,77.31
"2021-09-21 00:00:00",147.35,32.93,73.52
"2021-09-22 00:00:00",143.92,35.16,68.35
"2021-09-23 00:00:00",141.16,35.37,65.53
"2021-09-24 00:00:00",137.15,35.16,62.22
"2021-09-25 00:00:00",134.27,34.96,60.27
"2021-09-26 00:00:00",130.33,32.52,59.2
"2021-09-27 00:00:00",124.99,32.72,56.28
"2021-09-28 00:00:00",121.36,31.91,55.4
"2021-09-29 00:00:00",115.86,30.69,54.43
"2021-09-30 00:00:00",111.34,29.88,51.61
"2021-10-01 00:00:00",107.28,29.27,51.12
"2021-10-02 00:00:00",105.66,29.67,50.93
"2021-10-03 00:00:00",104.71,29.67,51.8
"2021-10-04 00:00:00",103.7,27.85,52.58
"2021-10-05 00:00:00",101.54,29.47,51.8
"2021-10-06 00:00:00",101.84,27.24,51.41
"2021-10-07 00:00:00",103.28,28.05,53.46
"2021-10-08 00:00:00",104.82,26.83,54.82
"2021-10-09 00:00:00",106.49,25,54.33
"2021-10-10 00:00:00",105.87,24.8,52.48
"2021-10-11 00:00:00",105.06,27.03,48.98
"2021-10-12 00:00:00",103.81,25.41,48.39
"2021-10-13 00:00:00",103.81,26.22,47.13
"2021-10-14 00:00:00",104.31,26.42,46.64
"2021-10-15 00:00:00",106.02,26.63,45.86
"2021-10-16 00:00:00",106.1,27.85,45.67
"2021-10-17 00:00:00",108.68,27.64,44.79
"2021-10-18 00:00:00",109.55,25.41,47.61
"2021-10-19 00:00:00",110.38,24.19,50.24
"2021-10-20 00:00:00",111.62,24.59,52.87
"2021-10-21 00:00:00",110.77,25,52.97
"2021-10-22 00:00:00",110.04,25.81,53.46
"2021-10-23 00:00:00",110,26.63,53.36
"2021-10-24 00:00:00",110.11,28.66,54.82
"2021-10-25 00:00:00",112.15,28.25,54.92
"2021-10-26 00:00:00",113.15,30.08,53.85
"2021-10-27 00:00:00",112.07,29.07,53.94
"2021-10-28 00:00:00",111.9,29.07,53.85
"2021-10-29 00:00:00",112.52,30.28,54.04
"2021-10-30 00:00:00",111.87,28.86,53.94
"2021-10-31 00:00:00",110.37,26.63,53.94
"2021-11-01 00:00:00",110.4,29.67,54.14
"2021-11-02 00:00:00",111.14,28.25,53.46
"2021-11-03 00:00:00",113.09,29.88,52.68
"2021-11-04 00:00:00",114.88,29.88,51.41
"2021-11-05 00:00:00",116.25,28.46,49.95
"2021-11-06 00:00:00",117.35,28.66,49.07
"2021-11-07 00:00:00",118.72,28.86,48.49
"2021-11-08 00:00:00",121.93,26.02,47.71
"2021-11-09 00:00:00",124.46,24.19,47.81
"2021-11-10 00:00:00",126.35,22.56,46.45
"2021-11-11 00:00:00",128.91,20.33,48.39
"2021-11-12 00:00:00",129.43,20.33,47.13
"2021-11-13 00:00:00",130.07,18.9,45.76
"2021-11-14 00:00:00",130.85,18.7,46.15
"2021-11-15 00:00:00",129.81,19.31,44.6
"2021-11-16 00:00:00",128.76,20.12,43.82
"2021-11-17 00:00:00",128.9,20.12,43.23
"2021-11-18 00:00:00",127.51,20.12,40.12
"2021-11-19 00:00:00",127.07,18.9,39.63
"2021-11-20 00:00:00",126.48,18.9,39.34
"2021-11-21 00:00:00",124.93,18.09,37.29
"2021-11-22 00:00:00",121.94,17.89,37.1
"2021-11-23 00:00:00",119.55,18.5,35.25
"2021-11-24 00:00:00",117.02,16.87,35.93
"2021-11-25 00:00:00",113.97,16.67,35.74
"2021-11-26 00:00:00",110.63,17.28,35.05
"2021-11-27 00:00:00",108.57,18.5,35.44
"2021-11-28 00:00:00",109.53,19.92,35.44
"2021-11-29 00:00:00",111.29,19.92,35.44
"2021-11-30 00:00:00",113.81,18.09,34.66
"2021-12-01 00:00:00",115.05,19.72,33.2
"2021-12-02 00:00:00",117.82,20.53,32.52
"2021-12-03 00:00:00",120.32,19.72,31.26
"2021-12-04 00:00:00",121.85,18.9,32.13
"2021-12-05 00:00:00",122.98,17.28,31.84
"2021-12-06 00:00:00",125.08,17.28,31.55
"2021-12-07 00:00:00",127.98,20.53,33.11
"2021-12-08 00:00:00",134.61,19.72,34.18
"2021-12-09 00:00:00",141.32,18.9,36.03
"2021-12-10 00:00:00",148.22,18.7,36.42
"2021-12-11 00:00:00",155.32,17.68,34.96
"2021-12-12 00:00:00",160.69,17.48,34.47
"2021-12-13 00:00:00",172.65,15.45,33.5
"2021-12-14 00:00:00",189.37,13.21,32.04
"2021-12-15 00:00:00",207.58,12.4,31.26
"2021-12-16 00:00:00",223.22,12.2,29.6
"2021-12-17 00:00:00",235.83,11.18,29.89
"2021-12-18 00:00:00",247.29,10.57,30.87
"2021-12-19 00:00:00",260.6,9.96,31.16
"2021-12-20 00:00:00",277.96,11.18,32.81
"2021-12-21 00:00:00",302.11,12.2,33.4
"2021-12-22 00:00:00",330.61,12.6,34.66
"2021-12-23 00:00:00",365.63,11.79,34.96
"2021-12-24 00:00:00",388.82,12.4,37.39
"2021-12-25 00:00:00",386.65,13.01,37.29
"2021-12-26 00:00:00",398.07,12.6,40.6
"2021-12-27 00:00:00",459.45,11.59,42.84
"2021-12-28 00:00:00",516.04,12.4,47.13
"2021-12-29 00:00:00",586.64,13.01,52.09
"2021-12-30 00:00:00",645.93,13.82,58.81
"2021-12-31 00:00:00",694.95,14.43,64.26
"2022-01-01 00:00:00",710.22,14.63,69.33
"2022-01-02 00:00:00",760.04,15.85,73.22
"2022-01-03 00:00:00",764.64,15.85,74.78
"2022-01-04 00:00:00",764.6,16.87,78.09
"2022-01-05 00:00:00",758.7,17.07,78.19
"2022-01-06 00:00:00",708.43,19.11,77.22
"2022-01-07 00:00:00",655.97,19.51,75.56
"2022-01-08 00:00:00",655.54,20.33,74.88
"2022-01-09 00:00:00",606.95,21.95,74.39
"2022-01-10 00:00:00",545.55,25.41,75.07
"2022-01-11 00:00:00",475.41,23.98,73.03
"2022-01-12 00:00:00",385.03,24.8,71.47
"2022-01-13 00:00:00",344.88,26.63,70.01
"2022-01-14 00:00:00",328.98,28.25,70.89
"2022-01-15 00:00:00",319.95,30.28,68.65
"2022-01-16 00:00:00",316.33,30.49,64.46
"2022-01-17 00:00:00",314.91,28.86,63.1
"2022-01-18 00:00:00",316.41,28.25,62.32
"2022-01-19 00:00:00",317.76,29.27,59.88
"2022-01-20 00:00:00",316.53,27.64,58.13
"2022-01-21 00:00:00",317.41,27.44,54.63
"2022-01-22 00:00:00",319.31,26.02,54.24
"2022-01-23 00:00:00",320.92,26.63,54.24
"2022-01-24 00:00:00",322.86,26.02,52.68
"2022-01-25 00:00:00",322.29,27.03,49.85
"2022-01-26 00:00:00",323.99,25.2,48.98
"2022-01-27 00:00:00",324.12,24.8,47.22
"2022-01-28 00:00:00",323.74,25.2,46.06
"2022-01-29 00:00:00",319.95,24.39,45.08
"2022-01-30 00:00:00",317.51,22.56,44.21
"2022-01-31 00:00:00",314.09,22.56,42.94
"2022-02-01 00:00:00",313.84,22.36,43.52
"2022-02-02 00:00:00",312.56,22.15,42.06
"2022-02-03 00:00:00",312.99,21.34,42.94
"2022-02-04 00:00:00",309.19,18.5,43.14
"2022-02-05 00:00:00",307.95,18.29,43.91
"2022-02-06 00:00:00",302.53,18.29,42.26
"2022-02-07 00:00:00",295.56,17.07,41.67
"2022-02-08 00:00:00",296.53,15.85,41.09
"2022-02-09 00:00:00",298.01,15.65,42.16
"2022-02-10 00:00:00",295.52,15.04,41.19
"2022-02-11 00:00:00",296.34,14.63,39.82
"2022-02-12 00:00:00",297.09,14.23,38.75
"2022-02-13 00:00:00",297.09,13.41,40.8
"2022-02-14 00:00:00",297.23,14.84,41.87
"2022-02-15 00:00:00",295.07,15.04,41.58
"2022-02-16 00:00:00",293.41,15.04,43.43
"2022-02-17 00:00:00",296.32,14.84,44.5
"2022-02-18 00:00:00",295.33,17.07,46.35
"2022-02-19 00:00:00",295.76,16.67,47.81
"2022-02-20 00:00:00",297.27,17.28,47.13
"2022-02-21 00:00:00",299.34,16.46,46.84
"2022-02-22 00:00:00",296,17.07,47.61
"2022-02-23 00:00:00",291.72,18.5,48.49
"2022-02-24 00:00:00",285.07,19.51,50.93
"2022-02-25 00:00:00",285.28,18.5,53.07
"2022-02-26 00:00:00",284.68,19.72,55.11
"2022-02-27 00:00:00",285.91,20.93,57.35
"2022-02-28 00:00:00",292.7,21.34,59.79
"2022-03-01 00:00:00",303.53,20.93,60.66
"2022-03-02 00:00:00",316.45,22.97,60.27
"2022-03-03 00:00:00",333.85,23.58,59.3
"2022-03-04 00:00:00",346.76,25,59.98
"2022-03-05 00:00:00",360.88,24.39,58.52
"2022-03-06 00:00:00",382.32,24.39,59.3
"2022-03-07 00:00:00",407.06,25.61,58.52
"2022-03-08 00:00:00",432.18,25.81,61.05
"2022-03-09 00:00:00",459.93,23.17,64.07
"2022-03-10 00:00:00",481.07,23.17,66.8
"2022-03-11 00:00:00",501.15,22.15,70.2
"2022-03-12 00:00:00",515.58,23.37,75.66
"2022-03-13 00:00:00",528.25,23.98,78.58
"2022-03-14 00:00:00",540.04,23.78,83.45
"2022-03-15 00:00:00",547.45,23.78,86.27
"2022-03-16 00:00:00",544.53,25.81,88.32
"2022-03-17 00:00:00",537.99,27.24,91.14
"2022-03-18 00:00:00",528.6,30.69,92.79
"2022-03-19 00:00:00",523,33.74,90.75
"2022-03-20 00:00:00",513.13,36.38,90.56
"2022-03-21 00:00:00",503.21,38.21,89.68
"2022-03-22 00:00:00",488.26,40.85,90.17
"2022-03-23 00:00:00",478.01,40.85,91.04
"2022-03-24 00:00:00",471.73,42.28,90.94
"2022-03-25 00:00:00",465.38,40.85,89.58
"2022-03-26 00:00:00",453.57,38.82,89.29
"2022-03-27 00:00:00",437.27,35.98,87.93
"2022-03-28 00:00:00",416.72,36.18,86.08
"2022-03-29 00:00:00",400.97,36.59,86.17
"2022-03-30 00:00:00",378.94,35.98,86.17
"2022-03-31 00:00:00",356.99,34.15,86.08
"2022-04-01 00:00:00",337.51,34.76,82.96
"2022-04-02 00:00:00",323.17,33.33,83.74
"2022-04-03 00:00:00",307.95,33.13,83.54
"2022-04-04 00:00:00",286.9,32.11,85.39
"2022-04-05 00:00:00",270.28,31.5,81.69
"2022-04-06 00:00:00",259.82,30.89,76.14
"2022-04-07 00:00:00",253.15,30.69,72.93
"2022-04-08 00:00:00",247.04,30.69,72.74
"2022-04-09 00:00:00",242.38,30.08,70.69
"2022-04-10 00:00:00",236.73,30.49,70.5
"2022-04-11 00:00:00",229.15,28.86,66.31
"2022-04-12 00:00:00",218.77,28.05,64.07
"2022-04-13 00:00:00",210.99,29.07,64.26
"2022-04-14 00:00:00",202.77,29.07,62.32
"2022-04-15 00:00:00",196.85,27.03,59.59
"2022-04-16 00:00:00",191.6,27.24,58.33
"2022-04-17 00:00:00",185,25.2,55.7
"2022-04-18 00:00:00",174.9,24.8,53.46
"2022-04-19 00:00:00",168.46,23.17,52.78
"2022-04-20 00:00:00",159.35,21.34,49.46
"2022-04-21 00:00:00",152.46,19.51,48.3
"2022-04-22 00:00:00",145.88,19.11,48.69
"2022-04-23 00:00:00",139.31,19.51,46.06
"2022-04-24 00:00:00",133.23,19.31,43.91
"2022-04-25 00:00:00",128.5,18.9,43.04
"2022-04-26 00:00:00",119.41,19.31,40.12
"2022-04-27 00:00:00",112.25,18.09,40.7
"2022-04-28 00:00:00",105.76,17.48,38.46
"2022-04-29 00:00:00",100.29,18.09,34.96
"2022-04-30 00:00:00",94.67,17.28,34.76
"2022-05-01 00:00:00",86.74,16.87,35.44
"2022-05-02 00:00:00",75.04,17.07,34.08
"2022-05-03 00:00:00",68.3,17.28,34.08
"2022-05-04 00:00:00",62,17.28,32.91
"2022-05-05 00:00:00",56.49,16.46,31.35
"2022-05-06 00:00:00",52.85,14.43,30.87
"2022-05-07 00:00:00",50.58,14.02,29.8
"2022-05-08 00:00:00",50.7,13.82,27.95
"2022-05-09 00:00:00",51.79,12.4,29.21
"2022-05-10 00:00:00",48.97,10.16,30.38
"2022-05-11 00:00:00",46.97,11.59,29.7
"2022-05-12 00:00:00",45.63,11.99,31.06
"2022-05-13 00:00:00",44.55,10.77,30.28
"2022-05-14 00:00:00",43.93,9.96,29.21
"2022-05-15 00:00:00",43.35,9.55,29.21
"2022-05-16 00:00:00",41.87,10.57,27.75
"2022-05-17 00:00:00",41.21,10.98,24.63
"2022-05-18 00:00:00",40.11,8.54,23.08
"2022-05-19 00:00:00",38.92,8.54,21.13
"2022-05-20 00:00:00",38.17,10.57,21.91
"2022-05-21 00:00:00",38.21,10.57,21.52
"2022-05-22 00:00:00",37.57,10.98,21.23
"2022-05-23 00:00:00",36.97,10.16,20.16
"2022-05-24 00:00:00",36.79,10.16,22.1
"2022-05-25 00:00:00",37.62,10.37,23.27
"2022-05-26 00:00:00",38.26,9.15,23.47
"2022-05-27 00:00:00",39.02,7.72,22.98
"2022-05-28 00:00:00",39.39,7.11,24.05
"2022-05-29 00:00:00",40.26,6.3,25.9
"2022-05-30 00:00:00",41.12,6.1,26.19
"2022-05-31 00:00:00",42.92,5.28,24.15
"2022-06-01 00:00:00",44.12,4.47,24.15
"2022-06-02 00:00:00",45.34,5.49,26.39
"2022-06-03 00:00:00",46.15,5.28,27.17
"2022-06-04 00:00:00",48.4,5.89,28.53
"2022-06-05 00:00:00",51.25,6.1,29.02
"2022-06-06 00:00:00",55.63,5.49,31.35
"2022-06-07 00:00:00",58.84,5.28,33.11
"2022-06-08 00:00:00",61.99,7.11,33.98
"2022-06-09 00:00:00",65.51,6.5,35.64
"2022-06-10 00:00:00",68.96,7.93,38.46
"2022-06-11 00:00:00",71.23,7.72,39.82
"2022-06-12 00:00:00",74.21,8.33,41.58
"2022-06-13 00:00:00",76.26,9.55,42.75
"2022-06-14 00:00:00",79.49,9.96,45.47
"2022-06-15 00:00:00",83.08,9.35,47.71
"2022-06-16 00:00:00",86.34,10.16,48.88
"2022-06-17 00:00:00",89.93,9.15,49.66
"2022-06-18 00:00:00",92.07,9.35,49.95
"2022-06-19 00:00:00",94.95,9.96,49.37
"2022-06-20 00:00:00",98.83,9.15,51.12
"2022-06-21 00:00:00",103.68,10.98,54.24
"2022-06-22 00:00:00",107.25,11.99,56.48
"2022-06-23 00:00:00",110.34,12.4,59.88
"2022-06-24 00:00:00",112.66,12.6,64.56
"2022-06-25 00:00:00",114.54,13.21,68.65
"2022-06-26 00:00:00",115.81,12.8,71.86
"2022-06-27 00:00:00",116.6,14.43,73.61
"2022-06-28 00:00:00",115.25,15.04,76.92
"2022-06-29 00:00:00",113.54,14.43,78.38
"2022-06-30 00:00:00",112.28,15.24,78.38
"2022-07-01 00:00:00",111.41,16.06,76.73
"2022-07-02 00:00:00",111.6,17.68,77.41
"2022-07-03 00:00:00",110.91,17.68,76.34
"2022-07-04 00:00:00",111.15,17.89,78.19
"2022-07-05 00:00:00",111.34,16.67,76.53
"2022-07-06 00:00:00",111.8,18.29,77.12
"2022-07-07 00:00:00",109.87,17.28,77.41
"2022-07-08 00:00:00",108.7,18.29,77.51
"2022-07-09 00:00:00",105.53,17.07,76.44
"2022-07-10 00:00:00",101.99,18.5,75.75
"2022-07-11 00:00:00",97.91,19.31,76.92
"2022-07-12 00:00:00",94.13,19.72,77.51
"2022-07-13 00:00:00",89.87,19.51,76.73
"2022-07-14 00:00:00",86.48,19.51,73.71
"2022-07-15 00:00:00",82.71,17.89,69.72
"2022-07-16 00:00:00",79.9,18.7,66.7
"2022-07-17 00:00:00",77.06,18.7,67.28
"2022-07-18 00:00:00",72.83,17.89,63.29
"2022-07-19 00:00:00",68.57,17.07,60.27
"2022-07-20 00:00:00",65.3,16.26,59.69
"2022-07-21 00:00:00",62.98,17.48,58.71
"2022-07-22 00:00:00",59.98,18.9,59.49
"2022-07-23 00:00:00",58.12,19.11,60.76
"2022-07-24 00:00:00",55.36,19.31,59.2
"2022-07-25 00:00:00",52.88,18.7,57.64
"2022-07-26 00:00:00",49.73,19.72,54.53
"2022-07-27 00:00:00",46.92,18.9,51.22
"2022-07-28 00:00:00",44.81,18.09,49.85
"2022-07-29 00:00:00",43.28,16.67,48.69
"2022-07-30 00:00:00",41.39,15.24,46.35
"2022-07-31 00:00:00",39.7,14.63,44.3
"2022-08-01 00:00:00",37.7,14.02,42.45
"2022-08-02 00:00:00",36.24,13.21,41.58
"2022-08-03 00:00:00",35.25,13.21,40.41
"2022-08-04 00:00:00",33.97,12.6,38.66
"2022-08-05 00:00:00",32.66,13.21,36.32
"2022-08-06 00:00:00",31.83,13.01,33.5
"2022-08-07 00:00:00",31.19,11.99,33.59
"2022-08-08 00:00:00",30.21,13.62,32.42
"2022-08-09 00:00:00",29.39,13.41,31.16
"2022-08-10 00:00:00",28.16,12.8,30.38
"2022-08-11 00:00:00",27.95,13.01,29.5
"2022-08-12 00:00:00",27.09,12.4,30.57
"2022-08-13 00:00:00",26.81,11.59,31.06
"2022-08-14 00:00:00",26.43,12.4,29.89
"2022-08-15 00:00:00",26.22,11.38,29.6
"2022-08-16 00:00:00",25.27,10.16,28.72
"2022-08-17 00:00:00",24.66,10.57,27.26
"2022-08-18 00:00:00",23.85,9.55,26.19
"2022-08-19 00:00:00",23.72,10.16,24.93
"2022-08-20 00:00:00",23.43,10.57,24.05
"2022-08-21 00:00:00",23.15,9.35,24.05
"2022-08-22 00:00:00",22.37,8.13,23.17
"2022-08-23 00:00:00",22.55,8.33,23.56
"2022-08-24 00:00:00",22.68,8.54,24.25
"2022-08-25 00:00:00",22.41,8.33,25.61
"2022-08-26 00:00:00",22.16,7.52,24.93
"2022-08-27 00:00:00",22.52,7.11,25.32
"2022-08-28 00:00:00",22.72,7.11,25.12
"2022-08-29 00:00:00",23.35,6.91,25.51
"2022-08-30 00:00:00",23.61,6.5,24.83
"2022-08-31 00:00:00",23.52,7.32,24.63
"2022-09-01 00:00:00",23.82,8.13,24.73
"2022-09-02 00:00:00",24.44,7.93,26
"2022-09-03 00:00:00",23.99,8.94,26
"2022-09-04 00:00:00",23.67,8.54,26.78
"2022-09-05 00:00:00",23.66,8.74,27.46
"2022-09-06 00:00:00",23.09,9.55,29.89
"2022-09-07 00:00:00",22.38,7.72,29.8
"2022-09-08 00:00:00",21.87,7.32,30.09
"2022-09-09 00:00:00",21.13,7.11,29.21
"2022-09-10 00:00:00",20.99,7.52,29.21
"2022-09-11 00:00:00",20.71,8.13,27.56
"2022-09-12 00:00:00",19.47,8.54,27.26
"2022-09-13 00:00:00",18.79,7.52,25.22
"2022-09-14 00:00:00",18.9,8.33,26.19
"2022-09-15 00:00:00",18.52,8.13,24.83
"2022-09-16 00:00:00",18.31,8.74,24.63
"2022-09-17 00:00:00",17.88,8.13,25.22
"2022-09-18 00:00:00",17.45,8.54,25.51
"2022-09-19 00:00:00",16.97,8.33,24.05
"2022-09-20 00:00:00",17.28,8.33,24.54
"2022-09-21 00:00:00",17.6,7.72,23.17
"2022-09-22 00:00:00",17.92,7.11,23.86
"2022-09-23 00:00:00",18.13,7.52,23.66
"2022-09-24 00:00:00",18.34,7.52,22.4
"2022-09-25 00:00:00",18.81,6.91,23.08
"2022-09-26 00:00:00",19.27,7.32,23.17
"2022-09-27 00:00:00",19.01,8.54,21.91
"2022-09-28 00:00:00",18.76,8.33,21.13
"2022-09-29 00:00:00",18.78,9.55,21.52
"2022-09-30 00:00:00",18.81,9.35,21.42
"2022-10-01 00:00:00",19.33,9.55,22.49
"2022-10-02 00:00:00",19.63,9.35,20.93
"2022-10-03 00:00:00",20.72,9.15,22.59
"2022-10-04 00:00:00",21.39,8.94,23.47
"2022-10-05 00:00:00",21.92,10.37,24.05
"2022-10-06 00:00:00",22.1,9.96,22.3
"2022-10-07 00:00:00",22.63,9.96,23.66
"2022-10-08 00:00:00",22.47,9.55,23.86
"2022-10-09 00:00:00",22.29,9.96,24.44
"2022-10-10 00:00:00",21.42,9.35,23.47
"2022-10-11 00:00:00",21.04,8.74,22.3
"2022-10-12 00:00:00",20.77,7.93,22.4
"2022-10-13 00:00:00",20.64,7.72,23.86
"2022-10-14 00:00:00",20.65,7.32,23.66
"2022-10-15 00:00:00",20.29,7.93,22.78
"2022-10-16 00:00:00",20.25,7.11,23.76
"2022-10-17 00:00:00",20.57,7.93,23.47
"2022-10-18 00:00:00",20.17,8.74,23.17
"2022-10-19 00:00:00",19.64,9.35,23.47
"2022-10-20 00:00:00",19.33,9.55,23.76
"2022-10-21 00:00:00",19.08,10.37,22.01
"2022-10-22 00:00:00",19.33,10.16,22.98
"2022-10-23 00:00:00",19.39,10.98,22.3
"2022-10-24 00:00:00",19.29,10.57,22.78
"2022-10-25 00:00:00",18.89,10.77,23.95
"2022-10-26 00:00:00",18.86,9.96,23.76
"2022-10-27 00:00:00",18.85,9.35,22.69
"2022-10-28 00:00:00",18.56,8.13,22.49
"2022-10-29 00:00:00",18.11,7.72,21.13
"2022-10-30 00:00:00",17.63,7.32,21.62
"2022-10-31 00:00:00",16.87,8.13,21.42
"2022-11-01 00:00:00",16.85,8.13,21.23
"2022-11-02 00:00:00",16.33,8.94,20.93
"2022-11-03 00:00:00",16.1,9.76,20.25
"2022-11-04 00:00:00",15.51,11.38,21.32
"2022-11-05 00:00:00",15.24,11.59,21.81
"2022-11-06 00:00:00",14.79,11.38,20.06
"2022-11-07 00:00:00",14.54,11.18,19.77
"2022-11-08 00:00:00",14.49,10.16,18.7
"2022-11-09 00:00:00",14.46,9.96,17.72
"2022-11-10 00:00:00",14.42,9.76,18.4
"2022-11-11 00:00:00",14.31,9.76,18.01
"2022-11-12 00:00:00",14.12,9.96,16.75
"2022-11-13 00:00:00",13.72,9.76,17.23
"2022-11-14 00:00:00",13.58,9.15,15.97
"2022-11-15 00:00:00",13.17,9.35,16.07
"2022-11-16 00:00:00",12.81,8.94,15.77
"2022-11-17 00:00:00",12.35,8.74,15.19
"2022-11-18 00:00:00",11.99,7.11,14.22
"2022-11-19 00:00:00",11.78,7.11,14.7
"2022-11-20 00:00:00",11.81,7.52,14.7
"2022-11-21 00:00:00",11.6,7.32,15.68
"2022-11-22 00:00:00",11.42,8.33,15.87
"2022-11-23 00:00:00",11.65,8.13,16.94
"2022-11-24 00:00:00",11.62,8.54,17.14
"2022-11-25 00:00:00",11.6,7.93,17.04
"2022-11-26 00:00:00",11.62,7.52,17.82
"2022-11-27 00:00:00",11.76,7.72,19.08
"2022-11-28 00:00:00",11.73,8.33,18.7
"2022-11-29 00:00:00",11.89,7.93,18.7
"2022-11-30 00:00:00",11.61,8.33,18.89
"2022-12-01 00:00:00",11.32,7.93,18.7
"2022-12-02 00:00:00",11.56,8.94,18.21
"2022-12-03 00:00:00",11.65,8.74,17.82
"2022-12-04 00:00:00",11.96,9.35,18.11
"2022-12-05 00:00:00",12.08,8.74,18.11
"2022-12-06 00:00:00",12.4,8.54,18.99
"2022-12-07 00:00:00",13.23,8.33,19.86
"2022-12-08 00:00:00",13.92,8.74,21.23
"2022-12-09 00:00:00",14.05,8.94,23.27
"2022-12-10 00:00:00",14.14,9.15,23.56
"2022-12-11 00:00:00",14.12,8.54,23.37
"2022-12-12 00:00:00",14.63,9.55,24.44
"2022-12-13 00:00:00",15.15,8.94,26.48
"2022-12-14 00:00:00",15.08,10.37,27.56
"2022-12-15 00:00:00",15.45,10.77,27.56
"2022-12-16 00:00:00",15.96,10.98,28.43
"2022-12-17 00:00:00",16.71,11.38,29.7
"2022-12-18 00:00:00",17.4,11.79,29.99
"2022-12-19 00:00:00",18.39,11.79,32.13
"2022-12-20 00:00:00",19.15,13.21,34.18
"2022-12-21 00:00:00",20.14,13.21,34.57
"2022-12-22 00:00:00",20.45,14.02,37.59
"2022-12-23 00:00:00",20.63,14.02,39.24
"2022-12-24 00:00:00",20.23,16.26,40.9
"2022-12-25 00:00:00",19.32,17.48,41.29
"2022-12-26 00:00:00",17.82,18.7,40.21
"2022-12-27 00:00:00",17.13,19.92,40.51
"2022-12-28 00:00:00",17.52,19.51,41.48
"2022-12-29 00:00:00",18.21,19.92,42.36
"2022-12-30 00:00:00",18.5,20.12,41.48
"2022-12-31 00:00:00",18.63,18.09,42.65
"2023-01-01 00:00:00",18.54,17.07,44.01
"2023-01-02 00:00:00",18.43,16.46,44.69
"2023-01-03 00:00:00",18.03,16.06,43.91
"2023-01-04 00:00:00",17.08,17.07,43.82
"2023-01-05 00:00:00",16.19,17.07,42.36
"2023-01-06 00:00:00",15.63,18.09,44.11
"2023-01-07 00:00:00",15.43,19.11,42.45
"2023-01-08 00:00:00",15.47,19.31,41.19
"2023-01-09 00:00:00",15.49,20.33,41.19
"2023-01-10 00:00:00",14.49,19.31,38.66
"2023-01-11 00:00:00",12.99,18.9,37.1
"2023-01-12 00:00:00",11.76,16.87,35.93
"2023-01-13 00:00:00",10.71,15.85,33.5
"2023-01-14 00:00:00",9.9,14.23,30.96
"2023-01-15 00:00:00",9.19,15.04,30.28
"2023-01-16 00:00:00",8.42,13.21,28.24
"2023-01-17 00:00:00",8.02,13.41,27.85
"2023-01-18 00:00:00",7.65,13.21,27.07
"2023-01-19 00:00:00",7.29,13.82,24.25
"2023-01-20 00:00:00",6.93,13.41,22.49
"2023-01-21 00:00:00",6.73,13.62,22.78
"2023-01-22 00:00:00",6.61,11.99,21.42
"2023-01-23 00:00:00",6.71,11.79,21.52
"2023-01-24 00:00:00",6.74,10.57,20.74
"2023-01-25 00:00:00",6.78,9.55,18.5
"2023-01-26 00:00:00",6.77,8.74,19.77
"2023-01-27 00:00:00",6.86,8.13,20.35
"2023-01-28 00:00:00",7.07,7.32,19.96
"2023-01-29 00:00:00",7.34,7.11,20.55
"2023-01-30 00:00:00",7.32,6.3,20.25
"2023-01-31 00:00:00",7.48,6.1,19.77
"2023-02-01 00:00:00",7.63,5.89,21.13
"2023-02-02 00:00:00",7.94,6.1,21.81
"2023-02-03 00:00:00",8.11,6.3,20.84
"2023-02-04 00:00:00",8.17,7.32,20.06
"2023-02-05 00:00:00",8.05,7.52,20.74
"2023-02-06 00:00:00",8.43,7.72,21.13
"2023-02-07 00:00:00",8.76,7.72,21.62
"2023-02-08 00:00:00",9.13,7.72,21.81
"2023-02-09 00:00:00",9.41,8.33,21.32
"2023-02-10 00:00:00",9.54,8.13,20.64
"2023-02-11 00:00:00",9.51,6.91,21.62
"2023-02-12 00:00:00",9.87,7.93,21.81
"2023-02-13 00:00:00",9.89,8.13,22.3
"2023-02-14 00:00:00",9.89,8.33,22.01
"2023-02-15 00:00:00",9.91,9.15,21.62
"2023-02-16 00:00:00",9.68,8.74,22.01
"2023-02-17 00:00:00",9.81,10.37,23.27
"2023-02-18 00:00:00",10.08,11.18,24.05
"2023-02-19 00:00:00",10.05,9.76,22.98
"2023-02-20 00:00:00",10.04,10.98,22.01
"2023-02-21 00:00:00",10.3,10.57,22.98
"2023-02-22 00:00:00",10.47,8.94,24.54
"2023-02-23 00:00:00",10.53,8.33,23.86
"2023-02-24 00:00:00",10.6,7.32,25.12
"2023-02-25 00:00:00",10.47,7.32,24.73
"2023-02-26 00:00:00",10.52,7.52,24.44
"2023-02-27 00:00:00",10.78,6.5,24.54
"2023-02-28 00:00:00",10.95,6.3,25.51
"2023-03-01 00:00:00",11.09,8.94,24.15
"2023-03-02 00:00:00",11.46,10.37,24.34
"2023-03-03 00:00:00",11.56,11.18,22.98
"2023-03-04 00:00:00",11.67,11.99,23.66
"2023-03-05 00:00:00",11.98,12.2,26.1
"2023-03-06 00:00:00",12.48,13.01,28.43
"2023-03-07 00:00:00",12.42,14.02,28.43
"2023-03-08 00:00:00",12.46,13.21,31.16
"2023-03-09 00:00:00",12.53,12.6,33.5
"2023-03-10 00:00:00",13.02,11.38,36.42
"2023-03-11 00:00:00",13.55,12.2,36.9
"2023-03-12 00:00:00",13.88,13.21,36.22
"2023-03-13 00:00:00",14.16,12.2,37.88
"2023-03-14 00:00:00",14.75,11.99,38.07
"2023-03-15 00:00:00",15.23,11.38,39.24
"2023-03-16 00:00:00",16.11,12.4,41.29
"2023-03-17 00:00:00",16.47,13.41,40.99
"2023-03-18 00:00:00",16.6,12.4,43.23
"2023-03-19 00:00:00",16.91,11.18,45.47
"2023-03-20 00:00:00",17.03,13.01,45.67
"2023-03-21 00:00:00",17.22,15.65,46.06
"2023-03-22 00:00:00",17.62,16.46,45.67
"2023-03-23 00:00:00",17.34,16.26,44.99
"2023-03-24 00:00:00",17.27,17.07,47.42
"2023-03-25 00:00:00",17.07,17.68,45.76
"2023-03-26 00:00:00",16.66,18.09,43.82
"2023-03-27 00:00:00",16.24,16.67,42.65
"2023-03-28 00:00:00",15.48,15.65,42.26
"2023-03-29 00:00:00",14.73,15.24,42.84
"2023-03-30 00:00:00",14.35,15.65,40.7
"2023-03-31 00:00:00",13.77,14.84,38.56
"2023-04-01 00:00:00",13.58,14.63,38.85
"2023-04-02 00:00:00",13.03,15.45,39.05
"2023-04-03 00:00:00",12.18,15.45,37.1
"2023-04-04 00:00:00",11.84,14.23,38.17
"2023-04-05 00:00:00",11.53,14.23,35.54
"2023-04-06 00:00:00",11.12,13.82,37.2
"2023-04-07 00:00:00",10.75,14.02,37
"2023-04-08 00:00:00",10.3,15.65,37.2
"2023-04-09 00:00:00",10.13,15.65,37.97
"2023-04-10 00:00:00",10.09,14.84,38.95
"2023-04-11 00:00:00",10.21,15.45,37.88
"2023-04-12 00:00:00",9.87,15.24,38.36
"2023-04-13 00:00:00",9.54,16.06,37
"2023-04-14 00:00:00",9.32,16.87,36.22
"2023-04-15 00:00:00",9.21,13.82,34.76
"2023-04-16 00:00:00",9.04,14.43,33.89
"2023-04-17 00:00:00",8.9,15.45,33.98
"2023-04-18 00:00:00",8.1,14.84,32.81
"2023-04-19 00:00:00",7.58,15.65,31.55
"2023-04-20 00:00:00",7.12,14.02,30.77
"2023-04-21 00:00:00",6.8,12.4,28.53
"2023-04-22 00:00:00",6.54,12.2,28.72
"2023-04-23 00:00:00",6.23,10.98,27.75
"2023-04-24 00:00:00",5.73,10.37,27.17
"2023-04-25 00:00:00",5.69,10.77,26.48
"2023-04-26 00:00:00",5.54,9.15,24.93
"2023-04-27 00:00:00",5.36,9.35,22.4
"2023-04-28 00:00:00",5.2,9.76,23.37
"2023-04-29 00:00:00",5.28,10.77,22.3
"2023-04-30 00:00:00",5.34,10.16,22.1
"2023-05-01 00:00:00",5.12,9.35,20.84
"2023-05-02 00:00:00",5.06,8.74,19.86
"2023-05-03 00:00:00",5.06,8.74,19.86
"2023-05-04 00:00:00",5.03,8.33,20.74
"2023-05-05 00:00:00",5.03,7.32,19.96
"2023-05-06 00:00:00",4.83,6.91,19.67
"2023-05-07 00:00:00",4.47,6.71,18.79
"2023-05-08 00:00:00",4.35,,17.14
"2023-05-09 00:00:00",4.01,,16.94
"2023-05-10 00:00:00",3.94,,16.36
"2023-05-11 00:00:00",3.83,,15.77
"2023-05-12 00:00:00",3.68,,14.7