"DateTime","In ICU","Others in Hospital"
"2020-03-27 00:00:00",62,342
"2020-03-28 00:00:00",74,437
"2020-03-29 00:00:00",85,480
"2020-03-30 00:00:00",94,533
"2020-03-31 00:00:00",123,629
"2020-04-01 00:00:00",137,678
"2020-04-02 00:00:00",144,766
"2020-04-03 00:00:00",167,870
"2020-04-04 00:00:00",184,923
"2020-04-05 00:00:00",183,1021
"2020-04-06 00:00:00",190,1072
"2020-04-07 00:00:00",185,1143
"2020-04-08 00:00:00",193,1222
"2020-04-09 00:00:00",200,1240
"2020-04-10 00:00:00",197,1264
"2020-04-11 00:00:00",202,1265
"2020-04-12 00:00:00",208,1279
"2020-04-13 00:00:00",203,1279
"2020-04-14 00:00:00",192,1322
"2020-04-15 00:00:00",191,1295
"2020-04-16 00:00:00",191,1288
"2020-04-17 00:00:00",184,1303
"2020-04-18 00:00:00",178,1323
"2020-04-19 00:00:00",170,1350
"2020-04-20 00:00:00",167,1353
"2020-04-21 00:00:00",159,1313
"2020-04-22 00:00:00",147,1285
"2020-04-23 00:00:00",136,1287
"2020-04-24 00:00:00",136,1247
"2020-04-25 00:00:00",131,1254
"2020-04-26 00:00:00",126,1256
"2020-04-27 00:00:00",121,1266
"2020-04-28 00:00:00",114,1245
"2020-04-29 00:00:00",103,1260
"2020-04-30 00:00:00",101,1223
"2020-05-01 00:00:00",100,1202
"2020-05-02 00:00:00",97,1180
"2020-05-03 00:00:00",91,1175
"2020-05-04 00:00:00",91,1188
"2020-05-05 00:00:00",90,1135
"2020-05-06 00:00:00",79,1125
"2020-05-07 00:00:00",79,1120
"2020-05-08 00:00:00",75,1093
"2020-05-09 00:00:00",76,1083
"2020-05-10 00:00:00",75,1057
"2020-05-11 00:00:00",72,1073
"2020-05-12 00:00:00",69,1062
"2020-05-13 00:00:00",64,1037
"2020-05-14 00:00:00",61,1039
"2020-05-15 00:00:00",53,1013
"2020-05-16 00:00:00",49,962
"2020-05-17 00:00:00",46,961
"2020-05-18 00:00:00",46,959
"2020-05-19 00:00:00",47,922
"2020-05-20 00:00:00",44,899
"2020-05-21 00:00:00",43,866
"2020-05-22 00:00:00",38,836
"2020-05-23 00:00:00",36,805
"2020-05-24 00:00:00",33,812
"2020-05-25 00:00:00",29,820
"2020-05-26 00:00:00",27,806
"2020-05-27 00:00:00",28,782
"2020-05-28 00:00:00",26,771
"2020-05-29 00:00:00",25,744
"2020-05-30 00:00:00",25,710
"2020-05-31 00:00:00",20,712
"2020-06-01 00:00:00",20,715
"2020-06-02 00:00:00",20,692
"2020-06-03 00:00:00",20,686
"2020-06-04 00:00:00",18,667
"2020-06-05 00:00:00",16,660
"2020-06-06 00:00:00",16,630
"2020-06-07 00:00:00",16,630
"2020-06-08 00:00:00",16,639
"2020-06-09 00:00:00",15,626
"2020-06-10 00:00:00",15,608
"2020-06-11 00:00:00",15,595
"2020-06-12 00:00:00",15,575
"2020-06-13 00:00:00",13,569
"2020-06-14 00:00:00",11,564
"2020-06-15 00:00:00",12,566
"2020-06-16 00:00:00",11,556
"2020-06-17 00:00:00",11,541
"2020-06-18 00:00:00",10,534
"2020-06-19 00:00:00",10,508
"2020-06-20 00:00:00",9,502
"2020-06-21 00:00:00",9,509
"2020-06-22 00:00:00",9,506
"2020-06-23 00:00:00",7,505
"2020-06-24 00:00:00",8,481
"2020-06-25 00:00:00",7,465
"2020-06-26 00:00:00",5,462
"2020-06-27 00:00:00",5,451
"2020-06-28 00:00:00",5,448
"2020-06-29 00:00:00",5,448
"2020-06-30 00:00:00",5,445
"2020-07-01 00:00:00",5,434
"2020-07-02 00:00:00",4,428
"2020-07-03 00:00:00",5,417
"2020-07-04 00:00:00",5,425
"2020-07-05 00:00:00",4,420
"2020-07-06 00:00:00",4,380
"2020-07-07 00:00:00",3,373
"2020-07-08 00:00:00",3,355
"2020-07-09 00:00:00",3,339
"2020-07-10 00:00:00",4,333
"2020-07-11 00:00:00",3,320
"2020-07-12 00:00:00",3,327
"2020-07-13 00:00:00",3,332
"2020-07-14 00:00:00",2,325
"2020-07-15 00:00:00",2,327
"2020-07-16 00:00:00",3,317
"2020-07-17 00:00:00",3,313
"2020-07-18 00:00:00",3,313
"2020-07-19 00:00:00",3,299
"2020-07-20 00:00:00",3,296
"2020-07-21 00:00:00",4,299
"2020-07-22 00:00:00",3,292
"2020-07-23 00:00:00",2,285
"2020-07-24 00:00:00",2,276
"2020-07-25 00:00:00",2,268
"2020-07-26 00:00:00",2,265
"2020-07-27 00:00:00",2,268
"2020-07-28 00:00:00",2,262
"2020-07-29 00:00:00",2,258
"2020-07-30 00:00:00",2,258
"2020-07-31 00:00:00",4,251
"2020-08-01 00:00:00",3,257
"2020-08-02 00:00:00",3,262
"2020-08-03 00:00:00",3,262
"2020-08-04 00:00:00",3,267
"2020-08-05 00:00:00",3,264
"2020-08-06 00:00:00",4,266
"2020-08-07 00:00:00",4,258
"2020-08-08 00:00:00",3,258
"2020-08-09 00:00:00",3,258
"2020-08-10 00:00:00",3,264
"2020-08-11 00:00:00",3,266
"2020-08-12 00:00:00",3,262
"2020-08-13 00:00:00",3,255
"2020-08-14 00:00:00",3,250
"2020-08-15 00:00:00",3,241
"2020-08-16 00:00:00",3,240
"2020-08-17 00:00:00",3,245
"2020-08-18 00:00:00",3,251
"2020-08-19 00:00:00",2,246
"2020-08-20 00:00:00",2,247
"2020-08-21 00:00:00",2,252
"2020-08-22 00:00:00",2,244
"2020-08-23 00:00:00",2,243
"2020-08-24 00:00:00",1,247
"2020-08-25 00:00:00",1,242
"2020-08-26 00:00:00",2,247
"2020-08-27 00:00:00",2,255
"2020-08-28 00:00:00",3,252
"2020-08-29 00:00:00",5,253
"2020-08-30 00:00:00",5,246
"2020-08-31 00:00:00",5,253
"2020-09-01 00:00:00",6,258
"2020-09-02 00:00:00",5,253
"2020-09-03 00:00:00",4,255
"2020-09-04 00:00:00",4,254
"2020-09-05 00:00:00",2,249
"2020-09-06 00:00:00",4,240
"2020-09-07 00:00:00",2,22
"2020-09-08 00:00:00",2,25
"2020-09-09 00:00:00",4,27
"2020-09-10 00:00:00",6,39
"2020-09-11 00:00:00",7,35
"2020-09-12 00:00:00",6,39
"2020-09-13 00:00:00",6,45
"2020-09-14 00:00:00",6,42
"2020-09-15 00:00:00",6,45
"2020-09-16 00:00:00",5,47
"2020-09-17 00:00:00",5,56
"2020-09-18 00:00:00",9,55
"2020-09-19 00:00:00",9,54
"2020-09-20 00:00:00",8,65
"2020-09-21 00:00:00",10,63
"2020-09-22 00:00:00",10,73
"2020-09-23 00:00:00",10,75
"2020-09-24 00:00:00",11,78
"2020-09-25 00:00:00",11,88
"2020-09-26 00:00:00",12,93
"2020-09-27 00:00:00",16,106
"2020-09-28 00:00:00",16,107
"2020-09-29 00:00:00",15,122
"2020-09-30 00:00:00",17,137
"2020-10-01 00:00:00",19,156
"2020-10-02 00:00:00",23,168
"2020-10-03 00:00:00",22,188
"2020-10-04 00:00:00",22,196
"2020-10-05 00:00:00",25,237
"2020-10-06 00:00:00",28,291
"2020-10-07 00:00:00",31,346
"2020-10-08 00:00:00",31,366
"2020-10-09 00:00:00",34,398
"2020-10-10 00:00:00",35,414
"2020-10-11 00:00:00",36,451
"2020-10-12 00:00:00",35,492
"2020-10-13 00:00:00",49,521
"2020-10-14 00:00:00",52,549
"2020-10-15 00:00:00",58,569
"2020-10-16 00:00:00",62,610
"2020-10-17 00:00:00",63,649
"2020-10-18 00:00:00",61,694
"2020-10-19 00:00:00",70,754
"2020-10-20 00:00:00",73,800
"2020-10-21 00:00:00",74,860
"2020-10-22 00:00:00",76,899
"2020-10-23 00:00:00",84,901
"2020-10-24 00:00:00",86,930
"2020-10-25 00:00:00",90,962
"2020-10-26 00:00:00",82,1018
"2020-10-27 00:00:00",85,1032
"2020-10-28 00:00:00",86,1066
"2020-10-29 00:00:00",83,1088
"2020-10-30 00:00:00",80,1074
"2020-10-31 00:00:00",81,1122
"2020-11-01 00:00:00",93,1142
"2020-11-02 00:00:00",92,1172
"2020-11-03 00:00:00",94,1163
"2020-11-04 00:00:00",95,1157
"2020-11-05 00:00:00",98,1139
"2020-11-06 00:00:00",105,1140
"2020-11-07 00:00:00",111,1134
"2020-11-08 00:00:00",105,1122
"2020-11-09 00:00:00",102,1137
"2020-11-10 00:00:00",93,1142
"2020-11-11 00:00:00",98,1109
"2020-11-12 00:00:00",96,1132
"2020-11-13 00:00:00",92,1106
"2020-11-14 00:00:00",100,1141
"2020-11-15 00:00:00",98,1129
"2020-11-16 00:00:00",95,1155
"2020-11-17 00:00:00",88,1153
"2020-11-18 00:00:00",85,1127
"2020-11-19 00:00:00",89,1145
"2020-11-20 00:00:00",100,1094
"2020-11-21 00:00:00",95,1075
"2020-11-22 00:00:00",84,1124
"2020-11-23 00:00:00",84,1113
"2020-11-24 00:00:00",84,1072
"2020-11-25 00:00:00",90,1035
"2020-11-26 00:00:00",80,1019
"2020-11-27 00:00:00",77,997
"2020-11-28 00:00:00",76,973
"2020-11-29 00:00:00",75,966
"2020-11-30 00:00:00",70,951
"2020-12-01 00:00:00",68,923
"2020-12-02 00:00:00",69,913
"2020-12-03 00:00:00",65,900
"2020-12-04 00:00:00",64,881
"2020-12-05 00:00:00",62,889
"2020-12-06 00:00:00",59,915
"2020-12-07 00:00:00",57,926
"2020-12-08 00:00:00",50,922
"2020-12-09 00:00:00",52,932
"2020-12-10 00:00:00",53,946
"2020-12-11 00:00:00",52,942
"2020-12-12 00:00:00",47,968
"2020-12-13 00:00:00",46,966
"2020-12-14 00:00:00",45,951
"2020-12-15 00:00:00",49,982
"2020-12-16 00:00:00",50,962
"2020-12-17 00:00:00",50,982
"2020-12-18 00:00:00",53,980
"2020-12-19 00:00:00",58,1003
"2020-12-20 00:00:00",59,1019
"2020-12-21 00:00:00",60,985
"2020-12-22 00:00:00",56,969
"2020-12-23 00:00:00",56,952
"2020-12-24 00:00:00",47,926
"2020-12-25 00:00:00",52,933
"2020-12-26 00:00:00",54,939
"2020-12-27 00:00:00",56,984
"2020-12-28 00:00:00",65,1027
"2020-12-29 00:00:00",69,1064
"2020-12-30 00:00:00",70,1104
"2020-12-31 00:00:00",73,1116
"2021-01-01 00:00:00",78,1134
"2021-01-02 00:00:00",81,1165
"2021-01-03 00:00:00",83,1199
"2021-01-04 00:00:00",93,1254
"2021-01-05 00:00:00",95,1289
"2021-01-06 00:00:00",100,1367
"2021-01-07 00:00:00",102,1428
"2021-01-08 00:00:00",109,1487
"2021-01-09 00:00:00",123,1475
"2021-01-10 00:00:00",126,1538
"2021-01-11 00:00:00",133,1584
"2021-01-12 00:00:00",134,1660
"2021-01-13 00:00:00",142,1698
"2021-01-14 00:00:00",141,1740
"2021-01-15 00:00:00",145,1748
"2021-01-16 00:00:00",147,1771
"2021-01-17 00:00:00",146,1813
"2021-01-18 00:00:00",150,1839
"2021-01-19 00:00:00",156,1847
"2021-01-20 00:00:00",161,1843
"2021-01-21 00:00:00",161,1892
"2021-01-22 00:00:00",159,1867
"2021-01-23 00:00:00",157,1853
"2021-01-24 00:00:00",151,1865
"2021-01-25 00:00:00",149,1861
"2021-01-26 00:00:00",145,1871
"2021-01-27 00:00:00",142,1841
"2021-01-28 00:00:00",144,1814
"2021-01-29 00:00:00",142,1810
"2021-01-30 00:00:00",143,1798
"2021-01-31 00:00:00",143,1815
"2021-02-01 00:00:00",140,1794
"2021-02-02 00:00:00",131,1734
"2021-02-03 00:00:00",127,1685
"2021-02-04 00:00:00",123,1671
"2021-02-05 00:00:00",117,1612
"2021-02-06 00:00:00",108,1602
"2021-02-07 00:00:00",108,1564
"2021-02-08 00:00:00",112,1506
"2021-02-09 00:00:00",113,1429
"2021-02-10 00:00:00",109,1390
"2021-02-11 00:00:00",115,1357
"2021-02-12 00:00:00",110,1339
"2021-02-13 00:00:00",104,1339
"2021-02-14 00:00:00",102,1326
"2021-02-15 00:00:00",100,1283
"2021-02-16 00:00:00",99,1218
"2021-02-17 00:00:00",95,1166
"2021-02-18 00:00:00",98,1124
"2021-02-19 00:00:00",98,1056
"2021-02-20 00:00:00",99,1033
"2021-02-21 00:00:00",99,1042
"2021-02-22 00:00:00",93,983
"2021-02-23 00:00:00",93,925
"2021-02-24 00:00:00",89,878
"2021-02-25 00:00:00",80,844
"2021-02-26 00:00:00",74,824
"2021-02-27 00:00:00",78,759
"2021-02-28 00:00:00",71,753
"2021-03-01 00:00:00",71,713
"2021-03-02 00:00:00",69,681
"2021-03-03 00:00:00",67,651
"2021-03-04 00:00:00",64,602
"2021-03-05 00:00:00",63,576
"2021-03-06 00:00:00",61,567
"2021-03-07 00:00:00",59,595
"2021-03-08 00:00:00",49,565
"2021-03-09 00:00:00",49,533
"2021-03-10 00:00:00",40,485
"2021-03-11 00:00:00",38,474
"2021-03-12 00:00:00",38,441
"2021-03-13 00:00:00",40,421
"2021-03-14 00:00:00",40,407
"2021-03-15 00:00:00",42,398
"2021-03-16 00:00:00",38,384
"2021-03-17 00:00:00",38,367
"2021-03-18 00:00:00",35,362
"2021-03-19 00:00:00",31,336
"2021-03-20 00:00:00",31,313
"2021-03-21 00:00:00",33,320
"2021-03-22 00:00:00",28,313
"2021-03-23 00:00:00",31,290
"2021-03-24 00:00:00",32,278
"2021-03-25 00:00:00",26,270
"2021-03-26 00:00:00",26,257
"2021-03-27 00:00:00",22,242
"2021-03-28 00:00:00",22,237
"2021-03-29 00:00:00",23,227
"2021-03-30 00:00:00",21,216
"2021-03-31 00:00:00",21,194
"2021-04-01 00:00:00",23,184
"2021-04-02 00:00:00",18,183
"2021-04-03 00:00:00",19,174
"2021-04-04 00:00:00",18,184
"2021-04-05 00:00:00",21,175
"2021-04-06 00:00:00",21,171
"2021-04-07 00:00:00",21,153
"2021-04-08 00:00:00",19,148
"2021-04-09 00:00:00",20,140
"2021-04-10 00:00:00",21,128
"2021-04-11 00:00:00",21,133
"2021-04-12 00:00:00",20,113
"2021-04-13 00:00:00",20,99
"2021-04-14 00:00:00",16,99
"2021-04-15 00:00:00",18,91
"2021-04-16 00:00:00",16,89
"2021-04-17 00:00:00",14,90
"2021-04-18 00:00:00",14,90
"2021-04-19 00:00:00",13,93
"2021-04-20 00:00:00",14,93
"2021-04-21 00:00:00",12,81
"2021-04-22 00:00:00",12,81
"2021-04-23 00:00:00",12,82
"2021-04-24 00:00:00",12,77
"2021-04-25 00:00:00",12,81
"2021-04-26 00:00:00",11,70
"2021-04-27 00:00:00",12,63
"2021-04-28 00:00:00",12,58
"2021-04-29 00:00:00",9,58
"2021-04-30 00:00:00",11,54
"2021-05-01 00:00:00",12,56
"2021-05-02 00:00:00",11,54
"2021-05-03 00:00:00",11,47
"2021-05-04 00:00:00",13,56
"2021-05-05 00:00:00",11,47
"2021-05-06 00:00:00",8,60
"2021-05-07 00:00:00",9,55
"2021-05-08 00:00:00",6,59
"2021-05-09 00:00:00",6,66
"2021-05-10 00:00:00",6,63
"2021-05-11 00:00:00",6,59
"2021-05-12 00:00:00",4,59
"2021-05-13 00:00:00",3,61
"2021-05-14 00:00:00",2,67
"2021-05-15 00:00:00",3,58
"2021-05-16 00:00:00",3,65
"2021-05-17 00:00:00",4,66
"2021-05-18 00:00:00",4,74
"2021-05-19 00:00:00",5,78
"2021-05-20 00:00:00",4,77
"2021-05-21 00:00:00",6,82
"2021-05-22 00:00:00",6,93
"2021-05-23 00:00:00",5,89
"2021-05-24 00:00:00",6,91
"2021-05-25 00:00:00",6,92
"2021-05-26 00:00:00",4,79
"2021-05-27 00:00:00",6,84
"2021-05-28 00:00:00",5,81
"2021-05-29 00:00:00",7,94
"2021-05-30 00:00:00",8,101
"2021-05-31 00:00:00",10,96
"2021-06-01 00:00:00",10,104
"2021-06-02 00:00:00",8,102
"2021-06-03 00:00:00",8,108
"2021-06-04 00:00:00",8,103
"2021-06-05 00:00:00",10,102
"2021-06-06 00:00:00",12,110
"2021-06-07 00:00:00",12,109
"2021-06-08 00:00:00",15,109
"2021-06-09 00:00:00",14,110
"2021-06-10 00:00:00",13,119
"2021-06-11 00:00:00",14,115
"2021-06-12 00:00:00",16,114
"2021-06-13 00:00:00",17,111
"2021-06-14 00:00:00",17,120
"2021-06-15 00:00:00",15,118
"2021-06-16 00:00:00",12,128
"2021-06-17 00:00:00",12,116
"2021-06-18 00:00:00",10,135
"2021-06-19 00:00:00",13,137
"2021-06-20 00:00:00",15,144
"2021-06-21 00:00:00",18,153
"2021-06-22 00:00:00",18,152
"2021-06-23 00:00:00",17,160
"2021-06-24 00:00:00",16,172
"2021-06-25 00:00:00",18,179
"2021-06-26 00:00:00",17,179
"2021-06-27 00:00:00",20,182
"2021-06-28 00:00:00",20,195
"2021-06-29 00:00:00",19,216
"2021-06-30 00:00:00",16,259
"2021-07-01 00:00:00",19,266
"2021-07-02 00:00:00",25,281
"2021-07-03 00:00:00",25,291
"2021-07-04 00:00:00",30,308
"2021-07-05 00:00:00",32,314
"2021-07-06 00:00:00",34,353
"2021-07-07 00:00:00",38,363
"2021-07-08 00:00:00",39,388
"2021-07-09 00:00:00",42,394
"2021-07-10 00:00:00",40,405
"2021-07-11 00:00:00",40,429
"2021-07-12 00:00:00",41,465
"2021-07-13 00:00:00",46,469
"2021-07-14 00:00:00",47,496
"2021-07-15 00:00:00",48,484
"2021-07-16 00:00:00",49,468
"2021-07-17 00:00:00",46,468
"2021-07-18 00:00:00",45,491
"2021-07-19 00:00:00",47,482
"2021-07-20 00:00:00",51,478
"2021-07-21 00:00:00",58,430
"2021-07-22 00:00:00",57,445
"2021-07-23 00:00:00",60,419
"2021-07-24 00:00:00",64,416
"2021-07-25 00:00:00",65,410
"2021-07-26 00:00:00",63,409
"2021-07-27 00:00:00",63,411
"2021-07-28 00:00:00",60,430
"2021-07-29 00:00:00",60,402
"2021-07-30 00:00:00",64,380
"2021-07-31 00:00:00",62,360
"2021-08-01 00:00:00",60,347
"2021-08-02 00:00:00",61,345
"2021-08-03 00:00:00",58,325
"2021-08-04 00:00:00",55,326
"2021-08-05 00:00:00",54,313
"2021-08-06 00:00:00",41,319
"2021-08-07 00:00:00",40,320
"2021-08-08 00:00:00",42,314
"2021-08-09 00:00:00",40,312
"2021-08-10 00:00:00",42,314
"2021-08-11 00:00:00",42,314
"2021-08-12 00:00:00",41,312
"2021-08-13 00:00:00",39,298
"2021-08-14 00:00:00",40,291
"2021-08-15 00:00:00",39,298
"2021-08-16 00:00:00",40,298
"2021-08-17 00:00:00",39,285
"2021-08-18 00:00:00",33,284
"2021-08-19 00:00:00",34,278
"2021-08-20 00:00:00",33,290
"2021-08-21 00:00:00",34,304
"2021-08-22 00:00:00",41,315
"2021-08-23 00:00:00",43,321
"2021-08-24 00:00:00",44,347
"2021-08-25 00:00:00",47,379
"2021-08-26 00:00:00",47,432
"2021-08-27 00:00:00",49,445
"2021-08-28 00:00:00",52,455
"2021-08-29 00:00:00",52,499
"2021-08-30 00:00:00",54,531
"2021-08-31 00:00:00",59,570
"2021-09-01 00:00:00",55,569
"2021-09-02 00:00:00",60,593
"2021-09-03 00:00:00",58,612
"2021-09-04 00:00:00",61,658
"2021-09-05 00:00:00",71,700
"2021-09-06 00:00:00",77,728
"2021-09-07 00:00:00",82,801
"2021-09-08 00:00:00",87,841
"2021-09-09 00:00:00",82,895
"2021-09-10 00:00:00",83,901
"2021-09-11 00:00:00",90,933
"2021-09-12 00:00:00",90,958
"2021-09-13 00:00:00",89,976
"2021-09-14 00:00:00",91,988
"2021-09-15 00:00:00",94,960
"2021-09-16 00:00:00",87,950
"2021-09-17 00:00:00",99,952
"2021-09-18 00:00:00",100,974
"2021-09-19 00:00:00",97,991
"2021-09-20 00:00:00",94,1013
"2021-09-21 00:00:00",82,994
"2021-09-22 00:00:00",86,971
"2021-09-23 00:00:00",79,932
"2021-09-24 00:00:00",80,924
"2021-09-25 00:00:00",79,924
"2021-09-26 00:00:00",76,947
"2021-09-27 00:00:00",73,953
"2021-09-28 00:00:00",71,949
"2021-09-29 00:00:00",74,924
"2021-09-30 00:00:00",65,918
"2021-10-01 00:00:00",66,899
"2021-10-02 00:00:00",71,894
"2021-10-03 00:00:00",67,934
"2021-10-04 00:00:00",65,933
"2021-10-05 00:00:00",68,920
"2021-10-06 00:00:00",69,911
"2021-10-07 00:00:00",64,893
"2021-10-08 00:00:00",61,882
"2021-10-09 00:00:00",54,881
"2021-10-10 00:00:00",56,877
"2021-10-11 00:00:00",51,884
"2021-10-12 00:00:00",51,867
"2021-10-13 00:00:00",50,858
"2021-10-14 00:00:00",45,803
"2021-10-15 00:00:00",47,794
"2021-10-16 00:00:00",45,784
"2021-10-17 00:00:00",44,813
"2021-10-18 00:00:00",46,823
"2021-10-19 00:00:00",51,839
"2021-10-20 00:00:00",58,859
"2021-10-21 00:00:00",60,834
"2021-10-22 00:00:00",61,835
"2021-10-23 00:00:00",58,841
"2021-10-24 00:00:00",57,845
"2021-10-25 00:00:00",59,858
"2021-10-26 00:00:00",57,868
"2021-10-27 00:00:00",58,874
"2021-10-28 00:00:00",60,872
"2021-10-29 00:00:00",65,862
"2021-10-30 00:00:00",64,846
"2021-10-31 00:00:00",68,864
"2021-11-01 00:00:00",63,876
"2021-11-02 00:00:00",63,879
"2021-11-03 00:00:00",63,841
"2021-11-04 00:00:00",59,792
"2021-11-05 00:00:00",55,777
"2021-11-06 00:00:00",57,745
"2021-11-07 00:00:00",54,734
"2021-11-08 00:00:00",57,707
"2021-11-09 00:00:00",61,729
"2021-11-10 00:00:00",60,713
"2021-11-11 00:00:00",55,704
"2021-11-12 00:00:00",53,720
"2021-11-13 00:00:00",51,708
"2021-11-14 00:00:00",57,714
"2021-11-15 00:00:00",57,722
"2021-11-16 00:00:00",57,717
"2021-11-17 00:00:00",63,723
"2021-11-18 00:00:00",64,721
"2021-11-19 00:00:00",62,730
"2021-11-20 00:00:00",58,694
"2021-11-21 00:00:00",59,691
"2021-11-22 00:00:00",60,683
"2021-11-23 00:00:00",66,642
"2021-11-24 00:00:00",59,662
"2021-11-25 00:00:00",60,674
"2021-11-26 00:00:00",53,674
"2021-11-27 00:00:00",55,654
"2021-11-28 00:00:00",52,663
"2021-11-29 00:00:00",54,652
"2021-11-30 00:00:00",54,648
"2021-12-01 00:00:00",48,632
"2021-12-02 00:00:00",46,606
"2021-12-03 00:00:00",50,555
"2021-12-04 00:00:00",46,537
"2021-12-05 00:00:00",43,548
"2021-12-06 00:00:00",38,538
"2021-12-07 00:00:00",42,539
"2021-12-08 00:00:00",39,539
"2021-12-09 00:00:00",40,533
"2021-12-10 00:00:00",33,519
"2021-12-11 00:00:00",37,504
"2021-12-12 00:00:00",39,522
"2021-12-13 00:00:00",38,503
"2021-12-14 00:00:00",38,506
"2021-12-15 00:00:00",34,498
"2021-12-16 00:00:00",33,489
"2021-12-17 00:00:00",34,460
"2021-12-18 00:00:00",38,466
"2021-12-19 00:00:00",38,478
"2021-12-20 00:00:00",37,478
"2021-12-21 00:00:00",40,496
"2021-12-22 00:00:00",38,502
"2021-12-23 00:00:00",36,488
"2021-12-24 00:00:00",33,494
"2021-12-25 00:00:00",35,493
"2021-12-26 00:00:00",37,518
"2021-12-27 00:00:00",37,562
"2021-12-28 00:00:00",36,643
"2021-12-29 00:00:00",34,777
"2021-12-30 00:00:00",36,823
"2021-12-31 00:00:00",34,863
"2022-01-01 00:00:00",36,917
"2022-01-02 00:00:00",38,995
"2022-01-03 00:00:00",42,1110
"2022-01-04 00:00:00",42,1181
"2022-01-05 00:00:00",43,1224
"2022-01-06 00:00:00",48,1275
"2022-01-07 00:00:00",47,1309
"2022-01-08 00:00:00",53,1323
"2022-01-09 00:00:00",54,1378
"2022-01-10 00:00:00",54,1425
"2022-01-11 00:00:00",59,1478
"2022-01-12 00:00:00",58,1502
"2022-01-13 00:00:00",50,1494
"2022-01-14 00:00:00",46,1510
"2022-01-15 00:00:00",44,1523
"2022-01-16 00:00:00",42,1525
"2022-01-17 00:00:00",42,1504
"2022-01-18 00:00:00",44,1527
"2022-01-19 00:00:00",43,1471
"2022-01-20 00:00:00",43,1468
"2022-01-21 00:00:00",41,1424
"2022-01-22 00:00:00",38,1402
"2022-01-23 00:00:00",38,1397
"2022-01-24 00:00:00",34,1360
"2022-01-25 00:00:00",32,1357
"2022-01-26 00:00:00",30,1289
"2022-01-27 00:00:00",32,1270
"2022-01-28 00:00:00",35,1228
"2022-01-29 00:00:00",32,1185
"2022-01-30 00:00:00",33,1174
"2022-01-31 00:00:00",29,1148
"2022-02-01 00:00:00",28,1088
"2022-02-02 00:00:00",29,1055
"2022-02-03 00:00:00",27,1015
"2022-02-04 00:00:00",25,964
"2022-02-05 00:00:00",24,931
"2022-02-06 00:00:00",23,935
"2022-02-07 00:00:00",18,932
"2022-02-08 00:00:00",21,913
"2022-02-09 00:00:00",19,885
"2022-02-10 00:00:00",21,881
"2022-02-11 00:00:00",20,852
"2022-02-12 00:00:00",18,850
"2022-02-13 00:00:00",18,866
"2022-02-14 00:00:00",13,898
"2022-02-15 00:00:00",13,899
"2022-02-16 00:00:00",11,933
"2022-02-17 00:00:00",10,950
"2022-02-18 00:00:00",11,976
"2022-02-19 00:00:00",10,999
"2022-02-20 00:00:00",13,1038
"2022-02-21 00:00:00",12,1048
"2022-02-22 00:00:00",11,1082
"2022-02-23 00:00:00",11,1030
"2022-02-24 00:00:00",11,1082
"2022-02-25 00:00:00",14,1135
"2022-02-26 00:00:00",14,1166
"2022-02-27 00:00:00",19,1156
"2022-02-28 00:00:00",18,1173
"2022-03-01 00:00:00",16,1210
"2022-03-02 00:00:00",16,1256
"2022-03-03 00:00:00",16,1251
"2022-03-04 00:00:00",15,1250
"2022-03-05 00:00:00",18,1287
"2022-03-06 00:00:00",18,1342
"2022-03-07 00:00:00",19,1421
"2022-03-08 00:00:00",19,1490
"2022-03-09 00:00:00",22,1614
"2022-03-10 00:00:00",23,1640
"2022-03-11 00:00:00",26,1664
"2022-03-12 00:00:00",30,1697
"2022-03-13 00:00:00",27,1778
"2022-03-14 00:00:00",33,1963
"2022-03-15 00:00:00",32,1967
"2022-03-16 00:00:00",31,2006
"2022-03-17 00:00:00",31,2019
"2022-03-18 00:00:00",30,2065
"2022-03-19 00:00:00",29,2031
"2022-03-20 00:00:00",31,2097
"2022-03-21 00:00:00",29,2192
"2022-03-22 00:00:00",25,2232
"2022-03-23 00:00:00",26,2296
"2022-03-24 00:00:00",28,2298
"2022-03-25 00:00:00",24,2285
"2022-03-26 00:00:00",21,2292
"2022-03-27 00:00:00",21,2339
"2022-03-28 00:00:00",20,2363
"2022-03-29 00:00:00",20,2324
"2022-03-30 00:00:00",25,2359
"2022-03-31 00:00:00",22,2363
"2022-04-01 00:00:00",23,2308
"2022-04-02 00:00:00",20,2386
"2022-04-03 00:00:00",23,2354
"2022-04-04 00:00:00",24,2357
"2022-04-05 00:00:00",24,2315
"2022-04-06 00:00:00",27,2279
"2022-04-07 00:00:00",23,2232
"2022-04-08 00:00:00",26,2136
"2022-04-09 00:00:00",23,2108
"2022-04-10 00:00:00",21,2130
"2022-04-11 00:00:00",23,2097
"2022-04-12 00:00:00",23,2089
"2022-04-13 00:00:00",20,2025
"2022-04-14 00:00:00",18,1949
"2022-04-15 00:00:00",18,1915
"2022-04-16 00:00:00",19,1859
"2022-04-17 00:00:00",20,1815
"2022-04-18 00:00:00",17,1839
"2022-04-19 00:00:00",20,1800
"2022-04-20 00:00:00",24,1743
"2022-04-21 00:00:00",25,1678
"2022-04-22 00:00:00",22,1615
"2022-04-23 00:00:00",20,1585
"2022-04-24 00:00:00",22,1478
"2022-04-25 00:00:00",26,1518
"2022-04-26 00:00:00",25,1504
"2022-04-27 00:00:00",23,1435
"2022-04-28 00:00:00",22,1396
"2022-04-29 00:00:00",17,1302
"2022-04-30 00:00:00",16,1259
"2022-05-01 00:00:00",16,1269
"2022-05-02 00:00:00",18,1247
"2022-05-03 00:00:00",16,1229
"2022-05-04 00:00:00",13,1153
"2022-05-05 00:00:00",11,1117
"2022-05-06 00:00:00",12,1037
"2022-05-07 00:00:00",12,1019
"2022-05-08 00:00:00",11,1022
"2022-05-09 00:00:00",12,1009
"2022-05-10 00:00:00",14,992
"2022-05-11 00:00:00",13,962
"2022-05-12 00:00:00",11,928
"2022-05-13 00:00:00",14,856
"2022-05-14 00:00:00",15,835
"2022-05-15 00:00:00",13,832
"2022-05-16 00:00:00",16,825
"2022-05-17 00:00:00",14,790
"2022-05-18 00:00:00",12,749
"2022-05-19 00:00:00",12,716
"2022-05-20 00:00:00",9,650
"2022-05-21 00:00:00",9,627
"2022-05-22 00:00:00",8,655
"2022-05-23 00:00:00",7,663
"2022-05-24 00:00:00",7,655
"2022-05-25 00:00:00",8,644
"2022-05-26 00:00:00",8,609
"2022-05-27 00:00:00",6,609
"2022-05-28 00:00:00",4,586
"2022-05-29 00:00:00",4,586
"2022-05-30 00:00:00",6,611
"2022-05-31 00:00:00",7,603
"2022-06-01 00:00:00",7,606
"2022-06-02 00:00:00",5,608
"2022-06-03 00:00:00",8,589
"2022-06-04 00:00:00",7,602
"2022-06-05 00:00:00",8,629
"2022-06-06 00:00:00",10,644
"2022-06-07 00:00:00",7,652
"2022-06-08 00:00:00",10,660
"2022-06-09 00:00:00",9,691
"2022-06-10 00:00:00",12,689
"2022-06-11 00:00:00",13,703
"2022-06-12 00:00:00",14,734
"2022-06-13 00:00:00",14,741
"2022-06-14 00:00:00",13,800
"2022-06-15 00:00:00",12,833
"2022-06-16 00:00:00",12,861
"2022-06-17 00:00:00",14,892
"2022-06-18 00:00:00",16,913
"2022-06-19 00:00:00",17,950
"2022-06-20 00:00:00",15,968
"2022-06-21 00:00:00",14,1082
"2022-06-22 00:00:00",13,1108
"2022-06-23 00:00:00",13,1141
"2022-06-24 00:00:00",15,1154
"2022-06-25 00:00:00",15,1199
"2022-06-26 00:00:00",16,1282
"2022-06-27 00:00:00",18,1310
"2022-06-28 00:00:00",20,1373
"2022-06-29 00:00:00",24,1396
"2022-06-30 00:00:00",27,1438
"2022-07-01 00:00:00",26,1463
"2022-07-02 00:00:00",23,1499
"2022-07-03 00:00:00",25,1513
"2022-07-04 00:00:00",28,1637
"2022-07-05 00:00:00",23,1657
"2022-07-06 00:00:00",20,1636
"2022-07-07 00:00:00",20,1617
"2022-07-08 00:00:00",23,1620
"2022-07-09 00:00:00",24,1655
"2022-07-10 00:00:00",22,1704
"2022-07-11 00:00:00",19,1755
"2022-07-12 00:00:00",23,1771
"2022-07-13 00:00:00",21,1783
"2022-07-14 00:00:00",22,1767
"2022-07-15 00:00:00",21,1754
"2022-07-16 00:00:00",19,1714
"2022-07-17 00:00:00",15,1718
"2022-07-18 00:00:00",16,1729
"2022-07-19 00:00:00",19,1708
"2022-07-20 00:00:00",23,1674
"2022-07-21 00:00:00",29,1650
"2022-07-22 00:00:00",25,1577
"2022-07-23 00:00:00",23,1561
"2022-07-24 00:00:00",25,1559
"2022-07-25 00:00:00",28,1560
"2022-07-26 00:00:00",25,1513
"2022-07-27 00:00:00",21,1504
"2022-07-28 00:00:00",22,1471
"2022-07-29 00:00:00",22,1381
"2022-07-30 00:00:00",19,1341
"2022-07-31 00:00:00",17,1303
"2022-08-01 00:00:00",18,1279
"2022-08-02 00:00:00",17,1249
"2022-08-03 00:00:00",13,1162
"2022-08-04 00:00:00",10,1127
"2022-08-05 00:00:00",10,1059
"2022-08-06 00:00:00",8,1019
"2022-08-07 00:00:00",11,1017
"2022-08-08 00:00:00",9,971
"2022-08-09 00:00:00",12,959
"2022-08-10 00:00:00",12,929
"2022-08-11 00:00:00",10,913
"2022-08-12 00:00:00",10,914
"2022-08-13 00:00:00",9,888
"2022-08-14 00:00:00",8,895
"2022-08-15 00:00:00",7,887
"2022-08-16 00:00:00",7,857
"2022-08-17 00:00:00",8,820
"2022-08-18 00:00:00",6,793
"2022-08-19 00:00:00",3,769
"2022-08-20 00:00:00",4,771
"2022-08-21 00:00:00",3,798
"2022-08-22 00:00:00",3,758
"2022-08-23 00:00:00",6,734
"2022-08-24 00:00:00",7,711
"2022-08-25 00:00:00",5,673
"2022-08-26 00:00:00",3,678
"2022-08-27 00:00:00",3,661
"2022-08-28 00:00:00",3,645
"2022-08-29 00:00:00",7,691
"2022-08-30 00:00:00",8,707
"2022-08-31 00:00:00",5,715
"2022-09-01 00:00:00",6,701
"2022-09-02 00:00:00",4,665
"2022-09-03 00:00:00",5,668
"2022-09-04 00:00:00",5,672
"2022-09-05 00:00:00",6,691
"2022-09-06 00:00:00",4,698
"2022-09-07 00:00:00",5,661
"2022-09-08 00:00:00",5,655
"2022-09-09 00:00:00",5,630
"2022-09-10 00:00:00",4,623
"2022-09-11 00:00:00",5,606
"2022-09-12 00:00:00",6,626
"2022-09-13 00:00:00",7,631
"2022-09-14 00:00:00",8,643
"2022-09-15 00:00:00",8,634
"2022-09-16 00:00:00",9,604
"2022-09-17 00:00:00",8,603
"2022-09-18 00:00:00",8,621
"2022-09-19 00:00:00",9,589
"2022-09-20 00:00:00",7,617
"2022-09-21 00:00:00",6,655
"2022-09-22 00:00:00",6,667
"2022-09-23 00:00:00",8,680
"2022-09-24 00:00:00",8,673
"2022-09-25 00:00:00",7,717
"2022-09-26 00:00:00",10,733
"2022-09-27 00:00:00",11,725
"2022-09-28 00:00:00",9,715
"2022-09-29 00:00:00",10,718
"2022-09-30 00:00:00",13,733
"2022-10-01 00:00:00",11,751
"2022-10-02 00:00:00",9,759
"2022-10-03 00:00:00",8,786
"2022-10-04 00:00:00",9,818
"2022-10-05 00:00:00",8,823
"2022-10-06 00:00:00",8,840
"2022-10-07 00:00:00",8,831
"2022-10-08 00:00:00",7,867
"2022-10-09 00:00:00",4,876
"2022-10-10 00:00:00",10,866
"2022-10-11 00:00:00",9,868
"2022-10-12 00:00:00",7,863
"2022-10-13 00:00:00",10,848
"2022-10-14 00:00:00",8,870
"2022-10-15 00:00:00",7,877
"2022-10-16 00:00:00",5,879
"2022-10-17 00:00:00",5,887
"2022-10-18 00:00:00",8,878
"2022-10-19 00:00:00",10,882
"2022-10-20 00:00:00",9,869
"2022-10-21 00:00:00",9,845
"2022-10-22 00:00:00",10,836
"2022-10-23 00:00:00",9,861
"2022-10-24 00:00:00",8,834
"2022-10-25 00:00:00",8,840
"2022-10-26 00:00:00",8,828
"2022-10-27 00:00:00",13,812
"2022-10-28 00:00:00",11,786
"2022-10-29 00:00:00",12,773
"2022-10-30 00:00:00",12,790
"2022-10-31 00:00:00",11,782
"2022-11-01 00:00:00",11,739
"2022-11-02 00:00:00",9,712
"2022-11-03 00:00:00",6,701
"2022-11-04 00:00:00",8,690
"2022-11-05 00:00:00",7,676
"2022-11-06 00:00:00",9,656
"2022-11-07 00:00:00",9,658
"2022-11-08 00:00:00",9,667
"2022-11-09 00:00:00",7,666
"2022-11-10 00:00:00",4,660
"2022-11-11 00:00:00",3,646
"2022-11-12 00:00:00",3,633
"2022-11-13 00:00:00",4,632
"2022-11-14 00:00:00",4,627
"2022-11-15 00:00:00",3,640
"2022-11-16 00:00:00",1,627
"2022-11-17 00:00:00",2,597
"2022-11-18 00:00:00",3,587
"2022-11-19 00:00:00",2,577
"2022-11-20 00:00:00",3,570
"2022-11-21 00:00:00",5,569
"2022-11-22 00:00:00",5,572
"2022-11-23 00:00:00",5,568
"2022-11-24 00:00:00",7,549
"2022-11-25 00:00:00",9,559
"2022-11-26 00:00:00",10,552
"2022-11-27 00:00:00",9,571
"2022-11-28 00:00:00",9,563
"2022-11-29 00:00:00",10,602
"2022-11-30 00:00:00",10,623
"2022-12-01 00:00:00",11,623
"2022-12-02 00:00:00",10,620
"2022-12-03 00:00:00",9,613
"2022-12-04 00:00:00",8,641
"2022-12-05 00:00:00",9,673
"2022-12-06 00:00:00",9,705
"2022-12-07 00:00:00",8,698
"2022-12-08 00:00:00",7,754
"2022-12-09 00:00:00",7,749
"2022-12-10 00:00:00",5,757
"2022-12-11 00:00:00",4,760
"2022-12-12 00:00:00",3,778
"2022-12-13 00:00:00",5,808
"2022-12-14 00:00:00",5,844
"2022-12-15 00:00:00",7,877
"2022-12-16 00:00:00",8,884
"2022-12-17 00:00:00",8,907
"2022-12-18 00:00:00",8,959
"2022-12-19 00:00:00",8,998
"2022-12-20 00:00:00",10,1039
"2022-12-21 00:00:00",7,1103
"2022-12-22 00:00:00",10,1111
"2022-12-23 00:00:00",10,1120
"2022-12-24 00:00:00",10,1122
"2022-12-25 00:00:00",11,1147
"2022-12-26 00:00:00",12,1172
"2022-12-27 00:00:00",11,1197
"2022-12-28 00:00:00",14,1263
"2022-12-29 00:00:00",14,1281
"2022-12-30 00:00:00",11,1282
"2022-12-31 00:00:00",10,1294
"2023-01-01 00:00:00",10,1295
"2023-01-02 00:00:00",11,1337
"2023-01-03 00:00:00",13,1331
"2023-01-04 00:00:00",14,1307
"2023-01-05 00:00:00",14,1277
"2023-01-06 00:00:00",16,1236
"2023-01-07 00:00:00",17,1229
"2023-01-08 00:00:00",14,1261
"2023-01-09 00:00:00",13,1244
"2023-01-10 00:00:00",10,1213
"2023-01-11 00:00:00",10,1163
"2023-01-12 00:00:00",9,1125
"2023-01-13 00:00:00",9,1125
"2023-01-14 00:00:00",11,1063
"2023-01-15 00:00:00",10,1026
"2023-01-16 00:00:00",9,1026
"2023-01-17 00:00:00",6,949
"2023-01-18 00:00:00",6,928
"2023-01-19 00:00:00",2,870
"2023-01-20 00:00:00",4,815
"2023-01-21 00:00:00",8,806
"2023-01-22 00:00:00",5,792
"2023-01-23 00:00:00",7,801
"2023-01-24 00:00:00",8,769
"2023-01-25 00:00:00",7,728
"2023-01-26 00:00:00",4,695
"2023-01-27 00:00:00",4,698
"2023-01-28 00:00:00",4,696
"2023-01-29 00:00:00",4,711
"2023-01-30 00:00:00",5,703
"2023-01-31 00:00:00",5,716
"2023-02-01 00:00:00",5,705
"2023-02-02 00:00:00",2,714
"2023-02-03 00:00:00",6,726
"2023-02-04 00:00:00",5,702
"2023-02-05 00:00:00",8,708
"2023-02-06 00:00:00",8,705
"2023-02-07 00:00:00",9,716
"2023-02-08 00:00:00",11,707
"2023-02-09 00:00:00",10,681
"2023-02-10 00:00:00",7,685
"2023-02-11 00:00:00",7,678
"2023-02-12 00:00:00",9,679
"2023-02-13 00:00:00",9,706
"2023-02-14 00:00:00",9,707
"2023-02-15 00:00:00",10,711
"2023-02-16 00:00:00",9,722
"2023-02-17 00:00:00",7,705
"2023-02-18 00:00:00",6,696
"2023-02-19 00:00:00",6,699
"2023-02-20 00:00:00",8,699
"2023-02-21 00:00:00",8,707
"2023-02-22 00:00:00",7,711
"2023-02-23 00:00:00",4,709
"2023-02-24 00:00:00",5,716
"2023-02-25 00:00:00",5,692
"2023-02-26 00:00:00",5,726
"2023-02-27 00:00:00",6,751
"2023-02-28 00:00:00",5,792
"2023-03-01 00:00:00",5,815
"2023-03-02 00:00:00",4,849
"2023-03-03 00:00:00",3,830
"2023-03-04 00:00:00",4,824
"2023-03-05 00:00:00",2,850
"2023-03-06 00:00:00",2,908
"2023-03-07 00:00:00",3,901
"2023-03-08 00:00:00",5,897
"2023-03-09 00:00:00",5,892
"2023-03-10 00:00:00",3,920
"2023-03-11 00:00:00",4,917
"2023-03-12 00:00:00",4,971
"2023-03-13 00:00:00",4,1014
"2023-03-14 00:00:00",4,1064
"2023-03-15 00:00:00",3,1110
"2023-03-16 00:00:00",3,1138
"2023-03-17 00:00:00",3,1153
"2023-03-18 00:00:00",3,1186
"2023-03-19 00:00:00",5,1226
"2023-03-20 00:00:00",9,1298
"2023-03-21 00:00:00",6,1297
"2023-03-22 00:00:00",8,1324
"2023-03-23 00:00:00",7,1313
"2023-03-24 00:00:00",5,1312
"2023-03-25 00:00:00",6,1330
"2023-03-26 00:00:00",6,1339
"2023-03-27 00:00:00",6,1340
"2023-03-28 00:00:00",7,1339
"2023-03-29 00:00:00",6,1291
"2023-03-30 00:00:00",5,1299
"2023-03-31 00:00:00",5,1258
"2023-04-01 00:00:00",8,1251
"2023-04-02 00:00:00",8,1269
"2023-04-03 00:00:00",9,1255
"2023-04-04 00:00:00",8,1209
"2023-04-05 00:00:00",9,1186
"2023-04-06 00:00:00",10,1186
"2023-04-07 00:00:00",12,1161
"2023-04-08 00:00:00",8,1172
"2023-04-09 00:00:00",4,1189
"2023-04-10 00:00:00",4,1174
"2023-04-11 00:00:00",6,1164
"2023-04-12 00:00:00",8,1149
"2023-04-13 00:00:00",9,1101
"2023-04-14 00:00:00",8,1083
"2023-04-15 00:00:00",7,1064
"2023-04-16 00:00:00",9,1068
"2023-04-17 00:00:00",8,1036
"2023-04-18 00:00:00",8,992
"2023-04-19 00:00:00",6,963
"2023-04-20 00:00:00",5,930
"2023-04-21 00:00:00",5,883
"2023-04-22 00:00:00",5,870
"2023-04-23 00:00:00",8,842
"2023-04-24 00:00:00",6,814
"2023-04-25 00:00:00",6,796
"2023-04-26 00:00:00",7,760
"2023-04-27 00:00:00",9,711
"2023-04-28 00:00:00",7,663
"2023-04-29 00:00:00",7,642
"2023-04-30 00:00:00",6,642
"2023-05-01 00:00:00",7,658
"2023-05-02 00:00:00",5,640
"2023-05-03 00:00:00",3,621
"2023-05-04 00:00:00",3,593
"2023-05-05 00:00:00",4,554
"2023-05-06 00:00:00",5,539
"2023-05-07 00:00:00",2,522
"2023-05-08 00:00:00",,278
"2023-05-09 00:00:00",,236
"2023-05-10 00:00:00",,235
"2023-05-11 00:00:00",,237
"2023-05-12 00:00:00",,241
"2023-05-13 00:00:00",,212
"2023-05-14 00:00:00",,207