DateReported,PCROnly,LFDAndPCR,LFDOnly,ReportedCases,DailyPercentReinfections,CumulativeReportedCases,CumulativePercentReinfections,Deaths,Dose1,Dose2,Dose3
02/03/2020,,,,1,,1,,,,,
03/03/2020,,,,0,,1,,,,,
04/03/2020,,,,2,,3,,,,,
05/03/2020,,,,3,,6,,,,,
06/03/2020,,,,5,,11,,,,,
07/03/2020,,,,5,,16,,,,,
08/03/2020,,,,2,,18,,,,,
09/03/2020,,,,5,,23,,,,,
10/03/2020,,,,4,,27,,,,,
11/03/2020,,,,9,,36,,,,,
12/03/2020,,,,24,,60,,,,,
13/03/2020,,,,25,,85,,,,,
14/03/2020,,,,36,,121,,1,,,
15/03/2020,,,,32,,153,,1,,,
16/03/2020,,,,18,,171,,1,,,
17/03/2020,,,,24,,195,,2,,,
18/03/2020,,,,32,,227,,3,,,
19/03/2020,,,,39,,266,,6,,,
20/03/2020,,,,56,,322,,6,,,
21/03/2020,,,,51,,373,,7,,,
22/03/2020,,,,43,,416,,10,,,
23/03/2020,,,,83,,499,,14,,,
24/03/2020,,,,85,,584,,16,,,
25/03/2020,,,,135,,719,,22,,,
26/03/2020,,,,175,,894,,25,,,
27/03/2020,,,,165,,1059,,33,,,
28/03/2020,,,,186,,1245,,40,,,
29/03/2020,,,,139,,1384,,41,,,
30/03/2020,,,,179,,1563,,47,,,
31/03/2020,,,,430,,1993,,69,,,
01/04/2020,,,,317,,2310,,97,,,
02/04/2020,,,,292,,2602,,126,,,
03/04/2020,,,,399,,3001,,172,,,
04/04/2020,,,,344,,3345,,218,,,
05/04/2020,,,,361,,3706,,220,,,
06/04/2020,,,,255,,3961,,222,,,
07/04/2020,,,,268,,4229,,296,,,
08/04/2020,,,,336,,4565,,366,,,
09/04/2020,,,,392,,4957,,447,,,
10/04/2020,,,,318,,5275,,495,,,
11/04/2020,,,,315,,5590,,542,,,
12/04/2020,,,,322,,5912,,566,,,
13/04/2020,,,,155,,6067,,575,,,
14/04/2020,,,,291,,6358,,615,,,
15/04/2020,,,,390,,6748,,699,,,
16/04/2020,,,,354,,7102,,779,,,
17/04/2020,,,,307,,7409,,837,,,
18/04/2020,,,,411,,7820,,893,,,
19/04/2020,,,,367,,8187,,903,,,
20/04/2020,,,,263,,8450,,915,,,
21/04/2020,,,,222,,8672,,985,,,
22/04/2020,,,,366,,9038,,1062,,,
23/04/2020,,,,371,,9409,,1120,,,
24/04/2020,,,,288,,9697,,1184,,,
25/04/2020,,,,354,,10051,,1231,,,
26/04/2020,,,,273,,10324,,1249,,,
27/04/2020,,,,197,,10521,,1262,,,
28/04/2020,,,,200,,10721,,1332,,,
29/04/2020,,,,313,,11034,,1415,,,
30/04/2020,,,,319,,11353,,1475,,,
01/05/2020,,,,301,,11654,,1515,,,
02/05/2020,,,,273,,11927,,1559,,,
03/05/2020,,,,170,,12097,,1571,,,
04/05/2020,,,,169,,12266,,1576,,,
05/05/2020,,,,171,,12437,,1620,,,
06/05/2020,,,,272,,12709,,1703,,,
07/05/2020,,,,215,,12924,,1762,,,
08/05/2020,,,,225,,13149,,1811,,,
09/05/2020,,,,156,,13305,,1847,,,
10/05/2020,,,,181,,13486,,1857,,,
11/05/2020,,,,141,,13627,,1862,,,
12/05/2020,,,,136,,13763,,1912,,,
13/05/2020,,,,166,,13929,,1973,,,
14/05/2020,,,,188,,14117,,2007,,,
15/05/2020,,,,143,,14260,,2053,,,
16/05/2020,,,,187,,14447,,2094,,,
17/05/2020,,,,90,,14537,,2103,,,
18/05/2020,,,,57,,14594,,2105,,,
19/05/2020,,,,61,,14655,,2134,,,
20/05/2020,,,,96,,14751,,2184,,,
21/05/2020,,,,105,,14856,,2221,,,
22/05/2020,,,,113,,14969,,2245,,,
23/05/2020,,,,72,,15041,,2261,,,
24/05/2020,,,,60,,15101,,2270,,,
25/05/2020,,,,55,,15156,,2273,,,
26/05/2020,,,,29,,15185,,2291,,,
27/05/2020,,,,55,,15240,,2304,,,
28/05/2020,,,,48,,15288,,2316,,,
29/05/2020,,,,39,,15327,,2331,,,
30/05/2020,,,,55,,15382,,2353,,,
31/05/2020,,,,18,,15400,,2362,,,
01/06/2020,,,,18,,15418,,2363,,,
02/06/2020,,,,53,,15471,,2375,,,
03/06/2020,,,,33,,15504,,2386,,,
04/06/2020,,,,49,,15553,,2395,,,
05/06/2020,,,,29,,15582,,2409,,,
06/06/2020,,,,21,,15603,,2415,,,
07/06/2020,,,,18,,15621,,2415,,,
08/06/2020,,,,18,,15639,,2415,,,
09/06/2020,,,,14,,15653,,2422,,,
10/06/2020,,,,12,,15665,,2434,,,
11/06/2020,,,,17,,15682,,2439,,,
12/06/2020,,,,27,,15709,,2442,,,
13/06/2020,,,,21,,15730,,2447,,,
14/06/2020,,,,25,,15755,,2448,,,
15/06/2020,,,,29,,18030,,2448,,,
16/06/2020,,,,15,,18045,,2453,,,
17/06/2020,,,,21,,18066,,2462,,,
18/06/2020,,,,11,,18077,,2464,,,
19/06/2020,,,,27,,18104,,2470,,,
20/06/2020,,,,26,,18130,,2472,,,
21/06/2020,,,,26,,18156,,2472,,,
22/06/2020,,,,14,,18170,,2472,,,
23/06/2020,,,,12,,18182,,2476,,,
24/06/2020,,,,9,,18191,,2480,,,
25/06/2020,,,,5,,18196,,2482,,,
26/06/2020,,,,17,,18213,,2482,,,
27/06/2020,,,,15,,18228,,2482,,,
28/06/2020,,,,8,,18236,,2482,,,
29/06/2020,,,,5,,18241,,2482,,,
30/06/2020,,,,10,,18251,,2485,,,
01/07/2020,,,,8,,18259,,2486,,,
02/07/2020,,,,5,,18264,,2487,,,
03/07/2020,,,,12,,18276,,2488,,,
04/07/2020,,,,11,,18287,,2488,,,
05/07/2020,,,,9,,18296,,2488,,,
06/07/2020,,,,4,,18300,,2488,,,
07/07/2020,,,,2,,18302,,2489,,,
08/07/2020,,,,7,,18309,,2490,,,
09/07/2020,,,,6,,18315,,2490,,,
10/07/2020,,,,18,,18333,,2490,,,
11/07/2020,,,,7,,18340,,2490,,,
12/07/2020,,,,19,,18359,,2490,,,
13/07/2020,,,,6,,18365,,2490,,,
14/07/2020,,,,3,,18368,,2490,,,
15/07/2020,,,,5,,18373,,2490,,,
16/07/2020,,,,11,,18384,,2491,,,
17/07/2020,,,,17,,18401,,2491,,,
18/07/2020,,,,21,,18422,,2491,,,
19/07/2020,,,,23,,18445,,2491,,,
20/07/2020,,,,7,,18452,,2491,,,
21/07/2020,,,,22,,18474,,2491,,,
22/07/2020,,,,10,,18484,,2491,,,
23/07/2020,,,,16,,18500,,2491,,,
24/07/2020,,,,20,,18520,,2491,,,
25/07/2020,,,,27,,18547,,2491,,,
26/07/2020,,,,4,,18551,,2491,,,
27/07/2020,,,,3,,18554,,2491,,,
28/07/2020,,,,4,,18558,,2491,,,
29/07/2020,,,,22,,18580,,2491,,,
30/07/2020,,,,17,,18597,,2491,,,
31/07/2020,,,,30,,18627,,2491,,,
01/08/2020,,,,18,,18645,,2491,,,
02/08/2020,,,,31,,18676,,2491,,,
03/08/2020,,,,18,,18694,,2491,,,
04/08/2020,,,,23,,18717,,2491,,,
05/08/2020,,,,64,,18781,,2491,,,
06/08/2020,,,,66,,18847,,2491,,,
07/08/2020,,,,43,,18890,,2491,,,
08/08/2020,,,,60,,18950,,2491,,,
09/08/2020,,,,48,,18998,,2491,,,
10/08/2020,,,,29,,19027,,2491,,,
11/08/2020,,,,52,,19079,,2491,,,
12/08/2020,,,,47,,19126,,2491,,,
13/08/2020,,,,47,,19173,,2491,,,
14/08/2020,,,,65,,19238,,2491,,,
15/08/2020,,,,51,,19289,,2491,,,
16/08/2020,,,,43,,19332,,2491,,,
17/08/2020,,,,26,,19358,,2491,,,
18/08/2020,,,,49,,19407,,2491,,,
19/08/2020,,,,50,,19457,,2492,,,
20/08/2020,,,,77,,19534,,2492,,,
21/08/2020,,,,71,,19605,,2492,,,
22/08/2020,,,,123,,19728,,2492,,,
23/08/2020,,,,83,,19811,,2492,,,
24/08/2020,,,,66,,19877,,2492,,,
25/08/2020,,,,44,,19921,,2492,,,
26/08/2020,,,,67,,19988,,2494,,,
27/08/2020,,,,68,,20056,,2494,,,
28/08/2020,,,,51,,20107,,2494,,,
29/08/2020,,,,88,,20195,,2494,,,
30/08/2020,,,,123,,20318,,2494,,,
31/08/2020,,,,160,,20478,,2494,,,
01/09/2020,,,,154,,20632,,2494,,,
02/09/2020,,,,156,,20788,,2495,,,
03/09/2020,,,,101,,20889,,2496,,,
04/09/2020,,,,159,,21048,,2496,,,
05/09/2020,,,,141,,21189,,2496,,,
06/09/2020,,,,208,,21397,,2496,,,
07/09/2020,,,,146,,21543,,2496,,,
08/09/2020,,,,176,,21719,,2499,,,
09/09/2020,,,,159,,21878,,2499,,,
10/09/2020,,,,161,,22039,,2499,,,
11/09/2020,,,,175,,22214,,2499,,,
12/09/2020,,,,221,,22435,,2499,,,
13/09/2020,,,,244,,22679,,2499,,,
14/09/2020,,,,70,,22749,,2499,,,
15/09/2020,,,,267,,23016,,2500,,,
16/09/2020,,,,267,,23283,,2501,,,
17/09/2020,,,,290,,23573,,2501,,,
18/09/2020,,,,203,,23776,,2502,,,
19/09/2020,,,,350,,24126,,2505,,,
20/09/2020,,,,245,,24371,,2505,,,
21/09/2020,,,,255,,24626,,2505,,,
22/09/2020,,,,383,,25009,,2506,,,
23/09/2020,,,,486,,25495,,2508,,,
24/09/2020,,,,465,,25960,,2510,,,
25/09/2020,,,,558,,26518,,2511,,,
26/09/2020,,,,714,,27232,,2511,,,
27/09/2020,,,,344,,27576,,2512,,,
28/09/2020,,,,222,,27798,,2512,,,
29/09/2020,,,,806,,28604,,2512,,,
30/09/2020,,,,640,,29244,,2519,,,
01/10/2020,,,,668,,29912,,2522,,,
02/10/2020,,,,775,,30687,,2526,,,
03/10/2020,,,,764,,31451,,2530,,,
04/10/2020,,,,758,,32209,,2530,,,
05/10/2020,,,,697,,32906,,2530,,,
06/10/2020,,,,800,,33706,,2532,,,
07/10/2020,,,,1054,,34760,,2533,,,
08/10/2020,,,,1027,,35787,,2538,,,
09/10/2020,,,,1246,,37033,,2544,,,
10/10/2020,,,,1009,,38042,,2550,,,
11/10/2020,,,,956,,38998,,2550,,,
12/10/2020,,,,961,,39959,,2550,,,
13/10/2020,,,,1297,,41256,,2557,,,
14/10/2020,,,,1429,,42685,,2572,,,
15/10/2020,,,,1351,,44036,,2585,,,
16/10/2020,,,,1196,,45232,,2594,,,
17/10/2020,,,,1167,,46399,,2609,,,
18/10/2020,,,,316,,46715,,2609,,,
19/10/2020,,,,993,,47708,,2610,,,
20/10/2020,,,,1456,,49164,,2625,,,
21/10/2020,,,,1739,,50903,,2653,,,
22/10/2020,,,,1712,,52615,,2670,,,
23/10/2020,,,,1401,,54016,,2688,,,
24/10/2020,,,,1433,,55449,,2699,,,
25/10/2020,,,,1303,,56752,,2700,,,
26/10/2020,,,,1122,,57874,,2701,,,
27/10/2020,,,,1327,,59201,,2726,,,
28/10/2020,,,,1202,,60403,,2754,,,
29/10/2020,,,,1128,,61531,,2791,,,
30/10/2020,,,,1281,,62812,,2819,,,
31/10/2020,,,,1101,,63913,,2843,,,
01/11/2020,,,,1148,,65061,,2849,,,
02/11/2020,,,,951,,66012,,2849,,,
03/11/2020,,,,999,,67011,,2877,,,
04/11/2020,,,,1433,,68444,,2927,,,
05/11/2020,,,,1216,,69660,,2966,,,
06/11/2020,,,,1072,,70732,,2997,,,
07/11/2020,,,,1596,,72328,,3036,,,
08/11/2020,,,,1115,,73443,,3039,,,
09/11/2020,,,,912,,74355,,3040,,,
10/11/2020,,,,832,,75187,,3079,,,
11/11/2020,,,,1261,,76448,,3143,,,
12/11/2020,,,,1212,,77660,,3188,,,
13/11/2020,,,,1357,,79017,,3244,,,
14/11/2020,,,,1118,,80135,,3280,,,
15/11/2020,,,,1159,,81294,,3280,,,
16/11/2020,,,,717,,82011,,3286,,,
17/11/2020,,,,1248,,83259,,3323,,,
18/11/2020,,,,1264,,84523,,3377,,,
19/11/2020,,,,1089,,85612,,3427,,,
20/11/2020,,,,1018,,86630,,3459,,,
21/11/2020,,,,887,,87517,,3496,,,
22/11/2020,,,,844,,88361,,3503,,,
23/11/2020,,,,949,,89310,,3503,,,
24/11/2020,,,,771,,90081,,3544,,,
25/11/2020,,,,880,,90961,,3588,,,
26/11/2020,,,,1225,,92186,,3639,,,
27/11/2020,,,,969,,93155,,3676,,,
28/11/2020,,,,788,,93943,,3720,,,
29/11/2020,,,,746,,94689,,3722,,,
30/11/2020,,,,368,,95057,,3725,,,
01/12/2020,,,,754,,95811,,3759,,,
02/12/2020,,,,951,,96762,,3797,,,
03/12/2020,,,,958,,97720,,3848,,,
04/12/2020,,,,966,,98686,,3889,,,
05/12/2020,,,,777,,99463,,3911,,,
06/12/2020,,,,643,,100106,,3916,,,
07/12/2020,,,,677,,100783,,3917,,,
08/12/2020,,,,692,,101475,,3950,,,
09/12/2020,,,,897,,102372,,3989,,,
10/12/2020,,,,933,,103305,,4039,,,
11/12/2020,,,,1001,,104306,,4070,,,
12/12/2020,,,,1064,,105370,,4109,,,
13/12/2020,,,,800,,106170,,4111,,,
14/12/2020,,,,734,,106904,,4111,,,
15/12/2020,,,,845,,107749,,4135,,,
16/12/2020,,,,689,,108438,,4173,,,
17/12/2020,,,,858,,109296,,4203,,,
18/12/2020,,,,744,,110040,,4239,,,
19/12/2020,,,,572,,110612,,4280,,,
20/12/2020,,,,934,,111546,,4283,,,
21/12/2020,,,,1504,,113050,,4283,,,
22/12/2020,,,,1316,,114366,,4326,,,
23/12/2020,,,,1190,,115556,,4373,,,
24/12/2020,,,,1314,,116870,,4416,,,
25/12/2020,,,,1165,,118035,,4459,,,
26/12/2020,,,,1149,,119184,,4459,,,
27/12/2020,,,,740,,119924,,4460,,,
28/12/2020,,,,967,,120891,,4460,,,
29/12/2020,,,,1895,,122786,,4467,,,
30/12/2020,,,,2045,,124831,,4510,,,
31/12/2020,,,,2622,,127453,,4578,,,
01/01/2021,,,,2539,,129992,,4621,,,
02/01/2021,,,,2137,,132129,,4621,,,
03/01/2021,,,,2464,,134593,,4622,,,
04/01/2021,,,,1905,,136498,,4622,,,
05/01/2021,,,,2529,,139027,,4633,,,
06/01/2021,,,,2039,,141066,,4701,,,
07/01/2021,,,,2649,,143715,,4779,,,
08/01/2021,,,,2309,,146024,,4872,,,
09/01/2021,,,,1865,,147889,,4965,,,
10/01/2021,,,,1877,,149766,,4968,,,
11/01/2021,,,,1782,,151548,,4969,163377,2758,
12/01/2021,,,,1875,,153423,,5023,175942,2857,
13/01/2021,,,,1949,,155372,,5102,191965,2990,
14/01/2021,,,,1707,,157079,,5166,208207,3190,
15/01/2021,,,,2160,,159239,,5227,224840,3331,
16/01/2021,,,,1753,,160992,,5305,241924,3512,
17/01/2021,,,,1341,,162333,,5305,260140,3657,
18/01/2021,,,,1429,,163762,,5305,264991,3698,
19/01/2021,,,,1165,,164927,,5376,284582,3886,
20/01/2021,,,,1656,,166583,,5468,309909,4170,
21/01/2021,,,,1636,,168219,,5557,334871,4466,
22/01/2021,,,,1480,,169699,,5628,358454,4689,
23/01/2021,,,,1307,,171006,,5704,380667,5188,
24/01/2021,,,,1195,,172201,,5705,404038,5383,
25/01/2021,,,,752,,172953,,5709,415402,5538,
26/01/2021,,,,1049,,174002,,5796,437900,6060,
27/01/2021,,,,1330,,175332,,5888,462092,6596,
28/01/2021,,,,1201,,176533,,5970,491658,6783,
29/01/2021,,,,1155,,177688,,6040,515855,7095,
30/01/2021,,,,994,,178682,,6100,543370,7638,
31/01/2021,,,,1003,,179685,,6106,566269,7794,
01/02/2021,,,,848,,180533,,6112,575897,7849,
02/02/2021,,,,758,,181291,,6181,610778,8345,
03/02/2021,,,,978,,182269,,6269,649262,8758,
04/02/2021,,,,1149,,183418,,6322,694347,9031,
05/02/2021,,,,895,,184313,,6383,742512,9529,
06/02/2021,,,,895,,185208,,6431,786427,10332,
07/02/2021,,,,584,,185792,,6438,839266,10582,
08/02/2021,,,,928,,186720,,6443,866823,10690,
09/02/2021,,,,822,,187542,,6501,928122,12257,
10/02/2021,,,,803,,188345,,6551,985569,12866,
11/02/2021,,,,830,,189175,,6599,1048747,13195,
12/02/2021,,,,830,,190005,,6666,1113625,13566,
13/02/2021,,,,908,,190913,,6711,1173445,14009,
14/02/2021,,,,903,,191816,,6715,1223774,14281,
15/02/2021,,,,559,,192375,,6715,1255190,14501,
16/02/2021,,,,773,,193148,,6764,1288004,17137,
17/02/2021,,,,1121,,194269,,6828,1320074,20409,
18/02/2021,,,,685,,194954,,6885,1354966,24169,
19/02/2021,,,,885,,195839,,6916,1386152,29015,
20/02/2021,,,,803,,196642,,6945,1412643,33473,
21/02/2021,,,,827,,197469,,6950,1431942,35479,
22/02/2021,,,,715,,198184,,6950,1445488,37342,
23/02/2021,,,,655,,198839,,7006,1465241,43203,
24/02/2021,,,,798,,199637,,7053,1488077,50121,
25/02/2021,,,,769,,200406,,7084,1515980,56661,
26/02/2021,,,,581,,200987,,7111,1542929,65340,
27/02/2021,,,,525,,201512,,7129,1570153,72178,
28/02/2021,,,,572,,202084,,7131,1593695,76512,
01/03/2021,,,,386,,202470,,7131,1611578,78865,
02/03/2021,,,,542,,203012,,7164,1634361,84445,
03/03/2021,,,,543,,203555,,7371,1661879,92550,
04/03/2021,,,,500,,204055,,7398,1688608,100058,
05/03/2021,,,,498,,204553,,7409,1717672,108197,
06/03/2021,,,,555,,205108,,7421,1743869,114081,
07/03/2021,,,,390,,205498,,7421,1759750,115930,
08/03/2021,,,,501,,205999,,7422,1774659,118732,
09/03/2021,,,,466,,206465,,7441,1789377,123686,
10/03/2021,,,,691,,207156,,7461,1809158,132760,
11/03/2021,,,,591,,207747,,7483,1825800,141433,
12/03/2021,,,,682,,208429,,7500,1844636,149409,
13/03/2021,,,,639,,209068,,7508,1867123,156250,
14/03/2021,,,,484,,209552,,7510,1888697,160038,
15/03/2021,,,,456,,210008,,7510,1908991,161945,
16/03/2021,,,,597,,210605,,7517,1943507,170892,
17/03/2021,,,,625,,211230,,7529,1981818,181879,
18/03/2021,,,,624,,211854,,7536,2023002,192100,
19/03/2021,,,,655,,212509,,7544,2066460,201435,
20/03/2021,,,,488,,212997,,7552,2110780,211272,
21/03/2021,,,,532,,213529,,7552,2144940,220188,
22/03/2021,,,,359,,213888,,7552,2182400,225096,
23/03/2021,,,,495,,214383,,7559,2214672,235671,
24/03/2021,,,,632,,215075,,7562,2249612,249252,
25/03/2021,,,,701,,215599,,7572,2285711,263236,
26/03/2021,,,,543,,216142,,7578,2322832,279814,
27/03/2021,,,,563,,216705,,7584,2358807,294714,
28/03/2021,,,,422,,217127,,7584,2386158,317217,
29/03/2021,,,,352,,217479,,7584,2410281,331969,
30/03/2021,,,,411,,217890,,7596,2437543,348635,
31/03/2021,,,,542,,218432,,7602,2465541,372104,
01/04/2021,,,,400,,218832,,7610,2493327,399062,
02/04/2021,,,,414,,219246,,7614,2515748,414540,
03/04/2021,,,,397,,219643,,7614,2535889,434941,
04/04/2021,,,,343,,219986,,7614,2553837,451057,
05/04/2021,,,,248,,220234,,7614,2565280,456374,
06/04/2021,,,,259,,220493,,7614,2577816,463780,
07/04/2021,,,,289,,220782,,7619,2593932,479239,
08/04/2021,,,,364,,221146,,7620,2608831,500376,
09/04/2021,,,,285,,221431,,7626,2625577,524812,
10/04/2021,,,,281,,221712,,7630,2643524,551699,
11/04/2021,,,,250,,221962,,7630,2657578,568875,
12/04/2021,,,,199,,222161,,7630,2668723,590174,
13/04/2021,,,,221,,222382,,7633,2682706,605126,
14/04/2021,,,,278,,222660,,7636,2694971,634422,
15/04/2021,,,,237,,222897,,7637,2708691,661975,
16/04/2021,,,,204,,223261,,7640,2722084,688761,
17/04/2021,,,,210,,223471,,7642,2733387,715714,
18/04/2021,,,,211,,223682,,7642,2744231,738420,
19/04/2021,,,,232,,223914,,7642,2747694,757115,
20/04/2021,,,,178,,224092,,7644,2750052,797267,
21/04/2021,,,,273,,224365,,7643,2752575,847655,
22/04/2021,,,,231,,224596,,7646,2755175,898231,
23/04/2021,,,,255,,224851,,7647,2758381,949228,
24/04/2021,,,,177,,225028,,7651,2764607,993180,
25/04/2021,,,,176,,225204,,7652,2771159,1042386,
26/04/2021,,,,142,,225346,,7652,2773770,1068704,
27/04/2021,,,,133,,225479,,7653,2782162,1102690,
28/04/2021,,,,204,,225683,,7654,2789978,1142947,
29/04/2021,,,,178,,225861,,7659,2796810,1184629,
30/04/2021,,,,191,,226052,,7659,2802152,1224861,
01/05/2021,,,,175,,226227,,7660,2811343,1263862,
02/05/2021,,,,146,,226373,,7660,2817752,1297664,
03/05/2021,,,,132,,226505,,7660,2824955,1326599,
04/05/2021,,,,139,,226644,,7660,2833761,1348050,
05/05/2021,,,,85,,226729,,7660,2846834,1373882,
06/05/2021,,,,283,,227012,,7660,2860635,1400296,
07/05/2021,,,,236,,227248,,7661,2876633,1424208,
08/05/2021,,,,224,,227472,,7661,2883384,1450798,
09/05/2021,,,,200,,227672,,7661,2897975,1468296,
10/05/2021,,,,168,,227840,,7661,2909156,1485296,
11/05/2021,,,,238,,228078,,7661,2928963,1506613,
12/05/2021,,,,345,,228423,,7661,2948604,1526889,
13/05/2021,,,,270,,228693,,7662,2968169,1551339,
14/05/2021,,,,215,,228908,,7664,2985557,1575765,
15/05/2021,,,,413,,229321,,7664,3003339,1599519,
16/05/2021,,,,292,,229613,,7664,3020335,1621031,
17/05/2021,,,,161,,229774,,7664,3035790,1638536,
18/05/2021,,,,268,,230042,,7664,3045152,1669469,
19/05/2021,,,,394,,230436,,7664,3051383,1704388,
20/05/2021,,,,432,,230868,,7664,3063648,1742072,
21/05/2021,,,,414,,231282,,7664,3082251,1769040,
22/05/2021,,,,370,,231652,,7664,3096341,1799956,
23/05/2021,,,,378,,232030,,7664,3108819,1828930,
24/05/2021,,,,313,,232343,,7664,3121945,1852179,
25/05/2021,,,,318,,232661,,7666,3138366,1881214,
26/05/2021,,,,546,,233207,,7666,3155733,1913809,
27/05/2021,,,,464,,233671,,7666,3174807,1942285,
28/05/2021,,,,641,,234312,,7668,3196051,1971006,
29/05/2021,,,,583,,234895,,7668,3215770,1998409,
30/05/2021,,,,526,,235421,,7668,3234311,2022728,
31/05/2021,,,,490,,235911,,7669,3251138,2044253,
01/06/2021,,,,478,,236389,,7669,3267290,2075231,
02/06/2021,,,,677,,237066,,7670,3286261,2106177,
03/06/2021,,,,835,,237901,,7674,3305812,2137618,
04/06/2021,,,,992,,238893,,7676,3326005,2170570,
05/06/2021,,,,860,,239753,,7677,3345842,2202547,
06/06/2021,,,,775,,240528,,7677,3365779,2227493,
07/06/2021,,,,641,,241169,,7677,3386321,2251259,
08/06/2021,,,,695,,241864,,7677,3403866,2282203,
09/06/2021,,,,1011,,242875,,7678,3422431,2313695,
10/06/2021,,,,735,,243610,,7679,3441217,2345181,
11/06/2021,,,,1104,,244714,,7679,3459063,2375246,
12/06/2021,,,,1030,,245744,,7681,3477378,2402700,
13/06/2021,,,,1036,,246780,,7681,3497287,2425825,
14/06/2021,,,,761,,247541,,7681,3517668,2446834,
15/06/2021,,,,974,,248515,,7683,3531461,2470181,
16/06/2021,,,,1129,,249644,,7684,3551739,2493358,
17/06/2021,,,,1317,,250961,,7688,3571726,2516066,
18/06/2021,,,,950,,251911,,7690,3591638,2535803,
19/06/2021,,,,1209,,253120,,7692,3611266,2555308,
20/06/2021,,,,1205,,254325,,7692,3630589,2571637,
21/06/2021,,,,1250,,255575,,7692,3647437,2586970,
22/06/2021,,,,2167,,257742,,7696,3664571,2602753,
23/06/2021,,,,2969,,260711,,7701,3681620,2617450,
24/06/2021,,,,2999,,263710,,7706,3695303,2631533,
25/06/2021,,,,1747,,265457,,7708,3709801,2647397,
26/06/2021,,,,2836,,268293,,7711,3730101,2666827,
27/06/2021,,,,2639,,270932,,7712,3747510,2679357,
28/06/2021,,,,3285,,274217,,7712,3765379,2691775,
29/06/2021,,,,3118,,277335,,7713,3781887,2701195,
30/06/2021,,,,3887,,281222,,7716,3799467,2712237,
01/07/2021,,,,4234,,285456,,7722,3816251,2722725,
02/07/2021,,,,3823,,289279,,7726,3831770,2737347,
03/07/2021,,,,3108,,292387,,7729,3844371,2749373,
04/07/2021,,,,2726,,295113,,7729,3857584,2762156,
05/07/2021,,,,2372,,297485,,7729,3869223,2774136,
06/07/2021,,,,2363,,299848,,7735,3879458,2791071,
07/07/2021,,,,3799,,303647,,7740,3890176,2808902,
08/07/2021,,,,2802,,306449,,7744,3900864,2825886,
09/07/2021,,,,3216,,309665,,7750,3911189,2843938,
10/07/2021,,,,2190,,311855,,7757,3920145,2861110,
11/07/2021,,,,2048,,313903,,7757,3928409,2877326,
12/07/2021,,,,2134,,316037,,7757,3934408,2893271,
13/07/2021,,,,2529,,318566,,7761,3941571,2903557,
14/07/2021,,,,2636,,321202,,7772,3948446,2914904,
15/07/2021,,,,2086,,323288,,7791,3956549,2927130,
16/07/2021,,,,2047,,325335,,7796,3963502,2940202,
17/07/2021,,,,2317,,327652,,7800,3970026,2954776,
18/07/2021,,,,1735,,329387,,7800,3976022,2966054,
19/07/2021,,,,1464,,330851,,7800,3981950,2978746,
20/07/2021,,,,1604,,332455,,7813,3984433,2995086,
21/07/2021,,,,1686,,334141,,7820,3987074,3010505,
22/07/2021,,,,1825,,335966,,7842,3989927,3028271,
23/07/2021,,,,1505,,337471,,7848,3992327,3044803,
24/07/2021,,,,1307,,338778,,7859,3994883,3064441,
25/07/2021,,,,1237,,340015,,7859,3997105,3079492,
26/07/2021,,,,1000,,341015,,7859,3998627,3092102,
27/07/2021,,,,1044,,342059,,7866,4000658,3108928,
28/07/2021,,,,1179,,341307,,7911,4002903,3125690,
29/07/2021,,,,1398,,342704,,7924,4005421,3145017,
30/07/2021,,,,1456,,344158,,7930,4007577,3162662,
31/07/2021,,,,1018,,345174,,7939,4009611,3180160,
01/08/2021,,,,1034,,346206,,7942,4011060,3197899,
02/08/2021,,,,799,,347005,,7943,4012496,3214801,
03/08/2021,,,,1016,,348018,,7952,4014212,3231331,
04/08/2021,,,,1271,,349286,,7965,4016326,3249622,
05/08/2021,,,,1381,,350667,,7976,4018503,3268887,
06/08/2021,,,,1250,,351915,,7983,4020712,3286153,
07/08/2021,,,,1386,,353299,,7992,4022914,3305325,
08/08/2021,,,,1240,,354538,,7992,4024852,3323466,
09/08/2021,,,,851,,355388,,7992,4026827,3342056,
10/08/2021,,,,1032,,356419,,8003,4029479,3357803,
11/08/2021,,,,1498,,357917,,8013,4034420,3375524,
12/08/2021,,,,1525,,359442,,8021,4039226,3393900,
13/08/2021,,,,1542,,360983,,8029,4044950,3412051,
14/08/2021,,,,1383,,362364,,8032,4050011,3431062,
15/08/2021,,,,1498,,363860,,8032,4054842,3449901,
16/08/2021,,,,1567,,365427,,8032,4058482,3467817,
17/08/2021,,,,1815,,367241,,8041,4061687,3482188,
18/08/2021,,,,2538,,369779,,8051,4065970,3498257,
19/08/2021,,,,3367,,373143,,8058,4068806,3512673,
20/08/2021,,,,3613,,376753,,8067,4071537,3526754,
21/08/2021,,,,3464,,380215,,8070,4075555,3541708,
22/08/2021,,,,3190,,383403,,8070,4079496,3556947,
23/08/2021,,,,3189,,386591,,8070,4082698,3572042,
24/08/2021,,,,4323,,390908,,8080,4085552,3587145,
25/08/2021,,,,5021,,395918,,8085,4088894,3603429,
26/08/2021,,,,4925,,400842,,8099,4092295,3617687,
27/08/2021,,,,6835,,407660,,8103,4095463,3629482,
28/08/2021,,,,5858,,413515,,8111,4098078,3640865,
29/08/2021,,,,7113,,420622,,8111,4101311,3655287,
30/08/2021,,,,3893,,424508,,8111,4103687,3668041,
31/08/2021,,,,6029,,430525,,8118,4106408,3680761,
01/09/2021,,,,6170,,436688,,8127,4108804,3691066,
02/09/2021,,,,6400,,443080,,8144,4111513,3699250,
03/09/2021,,,,6711,,449780,,8154,4114552,3709328,
04/09/2021,,,,6152,,455926,,8165,4117147,3717587,
05/09/2021,,,,6368,,462288,,8165,4121962,3726769,
06/09/2021,,,,7065,,469341,,8165,4126263,3736762,
07/09/2021,,,,5692,,475027,,8181,4128492,3743036,
08/09/2021,,,,5810,,480824,,8198,4130841,3749767,
09/09/2021,,,,6836,,487654,,8210,4133606,3757337,
10/09/2021,,,,6815,,494457,,8232,4135329,3762367,
11/09/2021,,,,4298,,498745,,8242,4137710,3769320,
12/09/2021,,,,5903,,504650,,8242,4140616,3777461,
13/09/2021,,,,4241,,508882,,8242,4142783,3785214,
14/09/2021,,,,3375,,512312,,8263,4144904,3788551,
15/09/2021,,,,4917,,517216,,8293,4146847,3791597,
16/09/2021,,,,,,,,8319,4148734,3795897,
17/09/2021,,,,5529,,523095,,8349,4150157,3798938,
18/09/2021,,,,6116,,529207,,8376,4151735,3802183,
19/09/2021,,,,3833,,533038,,8378,4155048,3806980,
20/09/2021,,,,2917,,535955,,8378,4157613,3810775,
21/09/2021,,,,2870,,538819,,8396,4160835,3813547,
22/09/2021,,,,3598,,542411,,8427,4163235,3815907,
23/09/2021,,,,4024,,546426,,8464,4166056,3818428,
24/09/2021,,,,3667,,550090,,8514,4168278,3820182,
25/09/2021,,,,3261,,553350,,8532,4172573,3824074,
26/09/2021,,,,2556,,555901,,8534,4176832,3827110,
27/09/2021,,,,2069,,557970,,8535,4181617,3829881,
28/09/2021,,,,2370,,560334,,8551,4184574,3832498,
29/09/2021,,,,2997,,563326,,8579,4186743,3835013,
30/09/2021,,,,2911,,566231,,8614,4189701,3837689,
01/10/2021,,,,2693,,568916,,8648,4194212,3840251,
02/10/2021,,,,2515,,571430,,8665,4199724,3843000,
03/10/2021,,,,2040,,573470,,8666,4208546,3845180,
04/10/2021,,,,1760,,575230,,8666,4217940,3847118,
05/10/2021,,,,2056,,577282,,8687,4223719,3849656,
06/10/2021,,,,3055,,580332,,8721,4229178,3852067,
07/10/2021,,,,2691,,583019,,8760,4235075,3854847,
08/10/2021,,,,2627,,585647,,8773,4240984,3857442,
09/10/2021,,,,2417,,588062,,8791,4246101,3859839,
10/10/2021,,,,2363,,590424,,8792,4253765,3861899,
11/10/2021,,,,2297,,592721,,8792,4261124,3864670,
12/10/2021,,,,1908,,594623,,8819,4265755,3866372,
13/10/2021,,,,2581,,597199,,8849,4270126,3868656,
14/10/2021,,,,2639,,599837,,8878,4275208,3871406,
15/10/2021,,,,2762,,602524,,8907,4278937,3873790,
16/10/2021,,,,2581,,605104,,8928,4282132,3875966,
17/10/2021,,,,2666,,607767,,8930,4286044,3877849,
18/10/2021,,,,2194,,609959,,8930,4289119,3879942,
19/10/2021,,,,2459,,612416,,8954,4291650,3881744,
20/10/2021,,,,2768,,615182,,8980,4294116,3883886,
21/10/2021,,,,2355,,617536,,9012,4297028,3886176,
22/10/2021,,,,2902,,620433,,9031,4299649,3888408,
23/10/2021,,,,2403,,622836,,9051,4302382,3890477,
24/10/2021,,,,2528,,625363,,9052,4305582,3892224,
25/10/2021,,,,2240,,627597,,9052,4308371,3895239,
26/10/2021,,,,2262,,629849,,9072,4309932,3897133,
27/10/2021,,,,2566,,632400,,9099,4311339,3899153,
28/10/2021,,,,2153,,634544,,9119,4312204,3900427,
29/10/2021,,,,2732,,637266,,9143,4314144,3903299,
30/10/2021,,,,3867,,641121,,9163,4315802,3905177,
31/10/2021,,,,2513,,643632,,9163,4317601,3907056,
01/11/2021,,,,2065,,645697,,9163,4318783,3908244,
02/11/2021,,,,2010,,647689,,9189,4320370,3910253,
03/11/2021,,,,3495,,651169,,9209,4321770,3911823,
04/11/2021,,,,2823,,653975,,9242,4318790,3911105,
05/11/2021,,,,2389,,656497,,9267,4319877,3912518,
06/11/2021,,,,3249,,659738,,9291,4321350,3914397,
07/11/2021,,,,2908,,662644,,9293,4322157,3915116,
08/11/2021,,,,2012,,664654,,9293,4323549,3917210,
09/11/2021,,,,2233,,666880,,9313,4324440,3918528,
10/11/2021,,,,3852,,670729,,9332,4325307,3920006,
11/11/2021,,,,3340,,674062,,9358,4326392,3921971,
12/11/2021,,,,3349,,677408,,9375,4325523,3922893,
13/11/2021,,,,3052,,680455,,9388,4326637,3924305,
14/11/2021,,,,3077,,683530,,9389,4327340,3924870,
15/11/2021,,,,2288,,685815,,9389,4330321,3929012,
16/11/2021,,,,2771,,688582,,9406,4331574,3930317,
17/11/2021,,,,3360,,691939,,9419,4332835,3931709,
18/11/2021,,,,3235,,695877,,9448,4334346,3933493,1307271
19/11/2021,,,,3090,,698962,,9467,4335881,3935095,1342841
20/11/2021,,,,2756,,701719,,9478,4337089,3936594,1375779
21/11/2021,,,,2677,,704395,,9478,4338322,3937949,1408565
22/11/2021,,,,2481,,706874,,9478,4339277,3939128,1437823
23/11/2021,,,,2527,,709399,,9495,4340162,3940314,1469423
24/11/2021,,,,3080,,712474,,9504,4341224,3941715,1502266
25/11/2021,,,,2932,,715399,,9524,4342107,3942927,1535623
26/11/2021,,,,2888,,718285,,9545,4343208,3944225,1568535
27/11/2021,,,,2287,,720568,,9562,4344043,3945451,1598749
28/11/2021,,,,2177,,722742,,9562,4344985,3946514,1629572
29/11/2021,,,,2244,,724983,,9562,4345855,3948483,1659464
30/11/2021,,,,2569,,727549,,9572,4346736,3949736,1687792
01/12/2021,,,,2796,,730331,,9591,4347880,3951364,1722225
02/12/2021,,,,3002,,733329,,9618,4349058,3953170,1755694
03/12/2021,,,,2432,,735750,,9634,4350133,3954992,1790728
04/12/2021,,,,1257,,737003,,9648,4351214,3956719,1823515
05/12/2021,,,,2607,,739610,,9649,4352104,3958162,1859735
06/12/2021,,,,3894,,743496,,9649,4354064,3960681,1889285
07/12/2021,,,,3060,,746549,,9661,4355063,3962203,1922604
08/12/2021,,,,3077,,749620,,9672,4357567,3965437,1961588
09/12/2021,,,,3196,,752805,,9688,4358725,3967477,2000915
10/12/2021,,,,5018,,757813,,9707,4359959,3969494,2040070
11/12/2021,,,,4087,,761889,,9719,4361197,3971488,2076084
12/12/2021,,,,4002,,765889,,9719,4362468,3973761,2116228
13/12/2021,,,,3756,,769642,,9719,4364519,3976670,2154571
14/12/2021,,,,3117,,772738,,9725,4363074,3978208,2200172
15/12/2021,,,,5155,,777885,,9746,4364802,3981180,2254406
16/12/2021,,,,5951,,783828,,9764,4366439,3983975,2313843
17/12/2021,,,,4336,,788156,,9771,4367798,3986305,2377170
18/12/2021,,,,5917,,794062,,9780,4369398,3988961,2436952
19/12/2021,,,,5924,,799970,,9781,4371171,3991879,2501033
20/12/2021,,,,6734,,806695,,9781,4372129,3993642,2561480
21/12/2021,,,,5242,,811927,,9790,4373917,3997192,2630615
22/12/2021,,,,5967,,814359,,9801,4375588,4000171,2708761
23/12/2021,,,,6215,,824088,,9812,4377002,4003377,2782462
24/12/2021,,,,7076,,831158,,9822,4378172,4006076,2841703
25/12/2021,,,,8252,,839391,,9832,,,
26/12/2021,,,,11030,,850411,,9832,,,
27/12/2021,,,,10562,,860964,,9832,,,
28/12/2021,,,,9360,,870304,,9833,,,
29/12/2021,,,,15849,,886065,,9836,4380108,4009886,2901719
30/12/2021,,,,16857,,902889,,9845,4381226,4012490,2944977
31/12/2021,,,,11962,,914841,,9858,4382665,4015376,2979334
01/01/2022,,,,17065,,931852,,9866,4383209,4017043,2992576
02/01/2022,,,,14080,,945871,,9866,4383212,4017045,2992576
03/01/2022,,,,20217,,966027,,9866,4383212,4017051,2992583
04/01/2022,,,,17259,,983270,,9867,4384343,4022821,3006133
05/01/2022,,,,16103,,999324,,9872,4385227,4026878,3016198
06/01/2022,10974,2112,1108,14194,,1010660,,9890,4387192,4033635,3041961
07/01/2022,13618,2165,2512,18295,,1025063,,9905,4388543,4037434,3063000
08/01/2022,10911,1791,2944,15646,,1037622,,9931,4390076,4041550,3082231
09/01/2022,6250,1390,2339,9979,,1045109,,9934,4391558,4045667,3101096
10/01/2022,9925,1507,2511,13943,,1056837,,9934,4392694,4048656,3115065
11/01/2022,8194,1499,2911,12604,,1067028,,9950,4393689,4051635,3130502
12/01/2022,5672,1286,2550,9508,,1074591,,9971,4394756,4054752,3145537
13/01/2022,3962,932,2247,7141,,1079729,,9997,4395793,4057606,3159109
14/01/2022,4506,1165,3082,8753,,1085696,,10038,4396802,4060859,3171289
15/01/2022,3419,750,2691,6860,,1090144,,10059,4397912,4064533,3184700
16/01/2022,3172,589,2557,6318,,1094251,,10062,4398881,4077145,3196020
17/01/2022,2239,531,3428,6198,,1097158,,10062,4400229,4087517,3204311
18/01/2022,2680,113,4959,7752,,1100526,,10093,4401034,4090242,3214062
19/01/2022,3734,86,4675,8495,,1105454,,10122,4401876,4092558,3223113
20/01/2022,3694,132,4436,8262,,1110186,,10149,4402666,4094680,3230767
21/01/2022,2971,85,4106,7162,,1114066,,10165,4404268,4099222,3238127
22/01/2022,2671,66,4031,6768,,1117515,,10195,4405059,4102038,3245885
23/01/2022,2611,87,3631,6329,,1121094,,10199,4405821,4105220,3252819
24/01/2022,2213,84,4637,6934,,1124048,,10198,4406439,4108252,3258073
25/01/2022,2272,124,5626,8022,,1127067,,10222,4406999,4112264,3263981
26/01/2022,3467,103,4946,8516,,1131668,,10255,4407738,4115341,3269583
27/01/2022,3315,78,4882,8275,,1135991,,10275,4408534,4117631,3274918
28/01/2022,2972,106,4180,7258,,1139939,,10291,4409367,4119889,3279961
29/01/2022,2527,65,4087,6679,,1143275,,10309,4410290,4122152,3286355
30/01/2022,2593,58,3534,6185,,1146815,,10311,4410990,4124546,3290965
31/01/2022,1506,43,4338,5887,,1148772,,10311,4411649,4127051,3295501
01/02/2022,2128,96,5341,7565,,1151614,,10341,4416119,4129347,3299180
02/02/2022,3320,84,4906,8310,,1156132,,10359,4417105,4130639,3302671
03/02/2022,3233,134,4843,8210,,1160448,,10390,4417967,4131914,3307067
04/02/2022,3291,163,4222,7676,,1164870,,10407,4418804,4132928,3310626
05/02/2022,2070,57,3523,5650,,1167763,,10431,4419733,4134606,3314502
06/02/2022,2354,47,3192,5593,,1171004,,10433,4421427,4135751,3317694
07/02/2022,1886,83,3840,5809,,1173535,,10433,4422719,4136739,3320254
08/02/2022,1965,129,4536,6630,,1176188,,10447,4423415,4137747,3324876
09/02/2022,2895,136,4609,7640,,1179974,,10462,4423943,4138634,3328947
10/02/2022,3022,330,3923,7275,,1283259,,10485,4424596,4139618,3332960
11/02/2022,3699,322,3320,7341,,1290487,,10496,4425282,4140451,3337823
12/02/2022,2428,232,2941,5601,,1295991,,10512,4426094,4141713,3344551
13/02/2022,2409,161,2731,5301,,1301234,,10512,4427052,4142683,3349054
14/02/2022,1728,194,3196,5118,,1306292,,10512,4428021,4143511,3352239
15/02/2022,1951,236,3618,5805,,1312019,,10528,4428684,4144534,3359114
16/02/2022,3250,275,3924,7449,,1319373,,10544,4429337,4145785,3366018
17/02/2022,2955,271,3918,7144,,1326382,,10566,4429979,4146918,3371691
18/02/2022,3367,305,3384,7056,,1333332,,10582,4430717,4148237,3377893
19/02/2022,2214,512,2590,5316,,1338539,,10596,4431254,4149521,3384367
20/02/2022,2549,387,2538,5474,,1344013,,10596,4431881,4150430,3390752
21/02/2022,1771,178,3358,5307,,1349320,,10596,4432566,4151403,3397270
22/02/2022,2354,315,3758,6427,,1355657,,10614,4433160,4152325,3404119
23/02/2022,3044,295,3417,6756,,1362296,,10629,4433601,4153359,3410555
24/02/2022,3309,378,3508,7195,,1369385,,10645,4433961,4154182,3415942
25/02/2022,2197,118,3169,5484,,1374798,,10656,4434404,4154924,3419928
26/02/2022,2637,512,2573,5722,,1380369,,10670,4434953,4155979,3424936
27/02/2022,2299,378,2452,5129,,1385498,,10672,4435562,4156667,3428504
28/02/2022,1877,206,3415,5498,,1390996,,10672,4436113,4157209,3430747
01/03/2022,2297,379,4821,7497,8.80%,1458444,4.20%,10768,4436511,4157929,3434063
02/03/2022,3644,352,4729,8725,9.20%,1467078,4.20%,10788,4436867,4158818,3437398
03/03/2022,4152,423,4916,9491,9.70%,1476428,4.20%,10824,4437162,4159556,3440493
04/03/2022,4400,412,4739,9551,9.30%,1485872,4.30%,10848,4437559,4160391,3443616
05/03/2022,3456,717,3813,7986,,1493736,,10868,4437902,4161058,3446451
06/03/2022,3320,549,3977,7846,,1501582,,10869,4438252,4161737,3448867
07/03/2022,2614,309,5733,8656,9.40%,1510238,4.30%,10869,4438528,4162451,3451358
08/03/2022,4089,476,7120,11685,9.70%,1521797,4.40%,10888,4438843,4163548,3454185
09/03/2022,4331,372,7254,11957,9.30%,1533640,4.40%,10906,4439150,4164671,3456977
10/03/2022,5796,590,8001,14387,9.80%,1561034,4.50%,10947,4439451,4165704,3459127
11/03/2022,5341,512,7367,13220,10.00%,1574047,4.60%,10969,4439695,4166614,3461076
12/03/2022,,,,,,,,,,,
13/03/2022,,,,,,,,,,,
14/03/2022,,,,,,,,,,,
15/03/2022,13899,2654,22217,38770,9.70%,1622345,4.70%,11016,4441175,4171128,3468504
16/03/2022,4581,219,5910,10710,10.40%,1632909,4.70%,11047,4441461,4171998,3470435
17/03/2022,3447,160,6114,9721,10.70%,1643664,4.80%,11075,,,
18/03/2022,8010,844,9270,18124,10.40%,1663830,4.80%,11098,4441944,4173678,3473650
19/03/2022,3948,950,5232,10130,,1673760,,11125,4442211,4174527,3475122
20/03/2022,4352,684,4979,10015,,1683775,,11126,4445839,4174839,3475680
21/03/2022,3076,315,6142,9533,9.20%,1693308,4.90%,11126,4449246,4175197,3476291
22/03/2022,3572,442,7898,11912,10.20%,1705109,5.00%,11163,4450515,4175888,3477790
23/03/2022,4883,406,7132,12421,10.60%,1717534,5.00%,11202,4451641,4176494,3479040
24/03/2022,6226,572,6766,13564,11.50%,1730889,5.10%,11246,4340913,4089448,3445629
25/03/2022,4094,289,5717,10100,10.50%,1740857,5.10%,11287,4341965,4089894,3446630
26/03/2022,3701,894,4750,9345,,1749997,,11320,4343587,4090617,3447892
27/03/2022,4023,591,4057,8671,,1758668,,11320,4348247,4091458,3448584
28/03/2022,2618,267,4594,7479,9.70%,1766147,5.20%,11320,4352430,4092082,3449125
29/03/2022,2994,301,6016,9311,10.90%,1775358,5.20%,11359,4353178,4092407,3450121
30/03/2022,4244,259,5107,9610,10.40%,1784824,5.20%,11393,4353991,4092791,3451131
31/03/2022,3986,238,4840,9064,10.50%,1793771,5.20%,11428,4354556,4092996,3451683
01/04/2022,3177,173,3585,6935,11.60%,1800581,5.30%,11469,4355289,4093341,3452587
02/04/2022,2884,585,3199,6668,,1807147,,11507,4355653,4093822,3453540
03/04/2022,2478,308,2364,5150,,1812297,,11507,4358955,4094601,3454411
04/04/2022,2225,161,2978,5364,10.30%,1817661,5.30%,11507,4362070,4095356,3455128
05/04/2022,1764,139,3642,5545,10.90%,1823661,5.30%,11551,4364117,4095979,3455971
06/04/2022,2991,215,4109,7315,10.70%,1831010,5.40%,11582,4365478,4096193,3456388
07/04/2022,2841,298,3639,6778,10.90%,1837704,5.40%,11615,4367783,4096768,3457079
08/04/2022,2816,190,3209,6215,11.00%,1843856,5.40%,11650,4369103,4097075,3457690
09/04/2022,2103,412,2425,4940,,1848796,,11675,4371043,4097819,3458813
10/04/2022,2004,260,2291,4555,,1853351,,11675,4374246,4098561,3459625
11/04/2022,1582,127,2557,4266,10.60%,1857540,5.40%,11675,4376628,4098867,3460077
12/04/2022,1537,148,3273,4958,11.00%,1863120,5.40%,11706,4377460,4099381,3461109
13/04/2022,2289,181,3043,5313,11.60%,1868563,5.50%,11734,4378301,4099990,3462141
14/04/2022,1680,199,2317,4196,10.80%,1872702,5.50%,11774,4379016,4100467,3463108
15/04/2022,2446,202,3128,5776,10.50%,1878436,5.50%,11804,,,
16/04/2022,1473,128,2236,3837,10.20%,1882238,5.50%,11809,4379862,4101367,3464610
17/04/2022,1577,113,1797,3487,11.00%,1885685,5.50%,11809,4381598,4102124,3465500
18/04/2022,1270,80,1911,3261,10.10%,1888927,5.50%,11809,,,
19/04/2022,1081,102,2435,3618,11.70%,1892851,5.50%,11815,4382469,4102561,3466302
20/04/2022,1420,132,2424,3976,12.90%,1896777,5.50%,11860,4382832,4102945,3467286
21/04/2022,1797,262,1915,3974,,1900751,,11896,4382788,4103030,3467902
22/04/2022,1252,94,1747,3093,13.10%,1903803,5.60%,11924,4383200,4103487,3469018
23/04/2022,1472,202,1422,3096,,1906899,,11955,4384177,4104051,3470044
24/04/2022,1088,147,1187,2422,,1909321,,11955,4387153,4104821,3470885
25/04/2022,706,48,1442,2196,11.80%,1911485,5.60%,11955,4388945,4105018,3471242
26/04/2022,923,70,1718,2711,13.00%,1914229,5.60%,11979,4388879,4105235,3472079
27/04/2022,1471,108,1615,3194,13.80%,1917330,5.60%,12006,4388919,4105514,3472869
28/04/2022,1104,84,1399,2587,14.30%,1919903,5.60%,12035,4388999,4105835,3473618
29/04/2022,966,84,1204,2254,13.80%,1922160,5.60%,12058,4389110,4106189,3474482
30/04/2022,667,51,988,1706,11.10%,1923839,5.60%,12077,4389243,4106662,3475350
01/05/2022,745,35,811,1591,12.20%,1925416,5.70%,12078,4391362,4107368,3476159
02/05/2022,321,13,782,1116,10.90%,1926516,5.70%,12078,4392574,4107878,3476718
03/05/2022,173,5,898,1076,13.40%,1927583,5.70%,12088,4392607,4108048,3477079
04/05/2022,206,7,1098,1311,12.70%,1928951,5.70%,12108,4392504,4108188,3477770
05/05/2022,614,15,1034,1663,14.30%,1930600,5.70%,12139,4392285,4108411,3478435
06/05/2022,371,8,847,1226,14.10%,1931816,5.70%,12157,4392309,4108708,3479101
09/05/2022,291,49,849,1189,13.90%,1935488,5.70%,12179,4395207,4111621,3482028
12/05/2022,279,52,793,1124,13.60%,1939321,5.70%,12232,4394871,4112062,3484853
16/05/2022,250,36,736,1023,13.60%,1944429,5.70%,12256,4397464,4113610,3488122
19/05/2022,193,26,739,959,14.52%,1949599,5.72%,12298,4397211,4113938,3489950
23/05/2022,155,24,719,898,13.44%,1960940,5.71%,12319,4399252,4115815,3493202
26/05/2022,158,16,707,881,13.12%,1951671,5.76%,12344,4399333,4116672,3495145
30/05/2022,161,26,748,935,13.54%,1955185,5.77%,12361,4401308,4118292,3497824
02/06/2022,180,28,817,894,12.85%,1958838,5.78%,12389,4401306,4118904,3500539
08/06/2022,198,21,961,1181,12.50%,1963426,5.80%,,4402925,4120401,3505141
15/06/2022,298,48,1357,1703,14.50%,1975331,5.85%,,4404501,4123767,3510468
22/06/2022,373,56,1792,2220,15.47%,1990859,5.93%,,4407329,4129760,3514728
29/06/2022,366,45,1660,2071,17.76%,2005335,6.02%,,4409014,4137511,3517958
06/07/2022,542,98,2491,3131,18.26%,2028133,6.15%,,4409784,4143814,3520933
13/07/2022,473,59,1828,2360,20.48%,2045821,6.28%,,4410964,4150524,3522547
20/07/2022,409,46,1331,1786,21.74%,2058616,6.37%,,4410536,4153518,3523695
27/07/2022,319,32,922,1273,23.04%,2067712,6.45%,,4411595,4158121,3525958
03/08/2022,235,18,652,904,24.46%,2074217,6.50%,,4409204,4158842,3525305
10/08/2022,175,18,521,714,23.98%,2079366,6.55%,,4408935,4161511,3525929
17/08/2022,147,14,446,607,24.65%,2083741,6.59%,,4408705,4164404,3526235
24/08/2022,144,11,377,532,26.02%,2087616,6.62%,,4408472,4166649,3526848
31/08/2022,116,8,392,516,28.14%,2091313,6.66%,,4408916,4169323,3528282
07/09/2022,121,10,403,534,25.70%,2095171,6.69%,,4408009,4170778,3528443
14/09/2022,104,6,363,473,26.56%,2098635,6.73%,,4406899,4170559,3527054
22/09/2022,96,6,292,393,23.09%,2101498,6.75%,,,,
28/09/2022,98,7,324,430,22.38%,2105010,6.77%,,,,
05/10/2022,95,3,349,447,21.92%,2107886,6.80%,,,,
12/10/2022,109,5,391,504,22.95%,2111605,6.83%,,,,
19/10/2022,105,5,352,461,23.57%,2114972,6.85%,,,,
26/10/2022,106,7,327,441,27.96%,2118188,6.89%,,,,
02/11/2022,95,5,297,398,29.38%,2121084,6.92%,,,,
09/11/2022,81,4,246,331,34.20%,2123527,6.95%,,,,
16/11/2022,93,5,215,313,33.52%,2125838,6.98%,,,,
23/11/2022,79,3,185,266,37.53%,2127767,7%,,,,
30/11/2022,80,2,180,263,32.77%,2129682,7.03%,,,,
07/12/2022,83,3,180,265,35.74%,2131615,7.05%,,,,
14/12/2022,113,1,195,310,34.09%,2133905,7.08%,,,,
21/12/2022,136,1,244,381,31.68%,2136695,7.11%,,,,
06/01/2023,165,3,233,401,29.56%,2142883,7.18%,,,,
11/01/2023,143,2,186,331,32.31%,2145484,7.22%,,,,
18/01/2023,97,1,100,198,32.03%,2147103,7.24%,,,,
25/01/2023,71,1,75,146,37.89%,2148273,7.25%,,,,
01/02/2023,72,1,93,165,35.70%,2149502,7.27%,,,,
09/02/2023,77,1,103,180,36.74%,2150820,7.29%,,,,
15/02/2023,91,1,127,220,36.19%,2152426,7.31%,,,,
22/02/2023,86,2,134,222,38.31%,2154070,7.33%,,,,
01/03/2023,101,1,130,232,37.05%,2155803,7.36%,,,,
08/03/2023,116,1,143,259,37.72%,2157720,7.38%,,,,
15/03/2023,139,1,176,316,36.84%,2160103,7.42%,,,,
22/03/2023,168,1,222,392,37.64%,2162921,7.46%,,,,
29/03/2023,155,1,227,383,38.91%,2165660,7.5%,,,,
05/04/2023,129,1,175,304,35.96%,2167871,7.53%,,,,
12/04/2023,110,0,123,233,34.68%,2169464,7.55%,,,,
19/04/2023,105,1,102,208,35.14%,2170956,7.57%,,,,
26/04/2023,70,0,73,143,35.69%,2172030,7.58%,,,,
03/05/2023,26,0,66,93,40.52%,2172700,7.59%,,,,
10/05/2023,47,0,55,103,38.94%,2173650,7.6%,,,,
17/05/2023,37,0,48,85,37.02%,2174265,7.61%,,,,
24/05/2023,30,0,41,71,37.8%,2174772,7.62%,,,,
31/05/2023,29,0,33,62,34.11%,2175204,7.62%,,,,
07/06/2023,26,0,29,55,36.6%,2175605,7.63%,,,,
14/06/2023,28,0,27,55,35.06%,2176001,7.63%,,,,
21/06/2023,26,0,24,50,34.2%,2176350,7.64%,,,,
28/06/2023,15,0,15,30,35.68%,2176608,7.64%,,,,
05/07/2023,13,0,14,27,34.57%,2176791,7.64%,,,,
12/07/2023,15,0,19,35,36.89%,2177039,7.64%,,,,
19/07/2023,21,0,18,40,43.17%,2177321,7.65%,,,,
26/07/2023,27,0,27,54,40.8%,2177699,7.65%,,,,
02/08/2023,37,0,37,74,39.38%,2178222,7.66%,,,,
16/08/2023,63,0,73,136,39.69%,2179854,7.69%,,,,
23/08/2023,70,0,99,169,40.64%,2181060,7.7%,,,,
30/08/2023,73,1,117,192,42.32%,2182420,7.72%,,,,
06/09/2023,86,1,145,231,44.78%,2184063,7.75%,,,,
13/09/2023,86,1,130,217,43.4%,2185614,7.78%,,,,
20/09/2023,67,0,85,152,37%,2186684,7.79%,,,,
27/09/2023,67,0,93,160,39.02%,2187819,7.81%,,,,
04/10/2023,81,0,86,167,36.93%,2189008,7.82%,,,,
