"DateTime","First Dose","Percent of Population","Second Dose","Percent of Population","Third Dose","Percent of Population"
"2020-12-08 00:00:00",1907,0,,,,
"2020-12-09 00:00:00",5721,0.1,,,,
"2020-12-10 00:00:00",10609,0.2,,,,
"2020-12-11 00:00:00",15840,0.3,,,,
"2020-12-12 00:00:00",17954,0.3,,,,
"2020-12-13 00:00:00",19048,0.3,,,,
"2020-12-14 00:00:00",24506,0.4,,,,
"2020-12-15 00:00:00",31483,0.6,,,,
"2020-12-16 00:00:00",38218,0.7,,,,
"2020-12-17 00:00:00",44799,0.8,,,,
"2020-12-18 00:00:00",52493,1,,,,
"2020-12-19 00:00:00",55740,1,,,,
"2020-12-20 00:00:00",58075,1.1,,,,
"2020-12-21 00:00:00",66730,1.2,,,,
"2020-12-22 00:00:00",77397,1.4,,,,
"2020-12-23 00:00:00",86570,1.6,,,,
"2020-12-24 00:00:00",88996,1.6,,,,
"2020-12-25 00:00:00",89006,1.6,,,,
"2020-12-26 00:00:00",89012,1.6,,,,
"2020-12-27 00:00:00",89362,1.6,,,,
"2020-12-28 00:00:00",90816,1.7,,,,
"2020-12-29 00:00:00",97737,1.8,8,0,,
"2020-12-30 00:00:00",104630,1.9,31,0,,
"2020-12-31 00:00:00",108342,2,41,0,,
"2021-01-01 00:00:00",108380,2,42,0,,
"2021-01-02 00:00:00",108392,2,50,0,,
"2021-01-03 00:00:00",108620,2,50,0,,
"2021-01-04 00:00:00",109910,2,60,0,,
"2021-01-05 00:00:00",117896,2.2,978,0,,
"2021-01-06 00:00:00",127041,2.3,2001,0,,
"2021-01-07 00:00:00",137283,2.5,2333,0,,
"2021-01-08 00:00:00",148112,2.7,2732,0,,
"2021-01-09 00:00:00",154204,2.8,2967,0.1,,
"2021-01-10 00:00:00",156905,2.9,2979,0.1,,
"2021-01-11 00:00:00",168288,3.1,3125,0.1,,
"2021-01-12 00:00:00",183781,3.4,3298,0.1,,
"2021-01-13 00:00:00",200004,3.7,3554,0.1,,
"2021-01-14 00:00:00",216518,4,3751,0.1,,
"2021-01-15 00:00:00",232463,4.3,3961,0.1,,
"2021-01-16 00:00:00",252309,4.6,4096,0.1,,
"2021-01-17 00:00:00",256702,4.7,4173,0.1,,
"2021-01-18 00:00:00",273902,5,4452,0.1,,
"2021-01-19 00:00:00",297919,5.5,4761,0.1,,
"2021-01-20 00:00:00",322326,5.9,5134,0.1,,
"2021-01-21 00:00:00",344880,6.3,5398,0.1,,
"2021-01-22 00:00:00",367136,6.7,5911,0.1,,
"2021-01-23 00:00:00",392287,7.2,6144,0.1,,
"2021-01-24 00:00:00",400162,7.3,6320,0.1,,
"2021-01-25 00:00:00",420670,7.7,6892,0.1,,
"2021-01-26 00:00:00",443982,8.1,7545,0.1,,
"2021-01-27 00:00:00",471449,8.6,7800,0.1,,
"2021-01-28 00:00:00",497200,9.1,8091,0.1,,
"2021-01-29 00:00:00",522445,9.6,8664,0.2,,
"2021-01-30 00:00:00",548103,10,8877,0.2,,
"2021-01-31 00:00:00",554687,10.1,8928,0.2,,
"2021-02-01 00:00:00",584817,10.7,9568,0.2,,
"2021-02-02 00:00:00",620610,11.4,10044,0.2,,
"2021-02-03 00:00:00",662272,12.1,10390,0.2,,
"2021-02-04 00:00:00",709138,13,11065,0.2,,
"2021-02-05 00:00:00",756183,13.8,11952,0.2,,
"2021-02-06 00:00:00",807731,14.8,12226,0.2,,
"2021-02-07 00:00:00",832610,15.2,12355,0.2,,
"2021-02-08 00:00:00",887140,16.2,13717,0.3,,
"2021-02-09 00:00:00",943312,17.3,14461,0.3,,
"2021-02-10 00:00:00",1005282,18.4,14917,0.3,,
"2021-02-11 00:00:00",1065722,19.5,15431,0.3,,
"2021-02-12 00:00:00",1122905,20.5,16041,0.3,,
"2021-02-13 00:00:00",1175733,21.5,16431,0.3,,
"2021-02-14 00:00:00",1204481,22,16660,0.3,,
"2021-02-15 00:00:00",1232757,22.6,19169,0.4,,
"2021-02-16 00:00:00",1263076,23.1,22260,0.4,,
"2021-02-17 00:00:00",1295416,23.7,25639,0.5,,
"2021-02-18 00:00:00",1324317,24.2,29950,0.5,,
"2021-02-19 00:00:00",1349483,24.7,34137,0.6,,
"2021-02-20 00:00:00",1368629,25,35943,0.7,,
"2021-02-21 00:00:00",1381776,25.3,37598,0.7,,
"2021-02-22 00:00:00",1400173,25.6,43332,0.8,,
"2021-02-23 00:00:00",1422583,26,50118,0.9,,
"2021-02-24 00:00:00",1449926,26.5,56628,1,,
"2021-02-25 00:00:00",1476684,27,62818,1.1,,
"2021-02-26 00:00:00",1501773,27.5,69469,1.3,,
"2021-02-27 00:00:00",1524143,27.9,73641,1.3,,
"2021-02-28 00:00:00",1542045,28.2,75840,1.4,,
"2021-03-01 00:00:00",1565125,28.6,81290,1.5,,
"2021-03-02 00:00:00",1592688,29.1,89431,1.6,,
"2021-03-03 00:00:00",1618948,29.6,97599,1.8,,
"2021-03-04 00:00:00",1645537,30.1,104721,1.9,,
"2021-03-05 00:00:00",1671892,30.6,110126,2,,
"2021-03-06 00:00:00",1689573,30.9,113129,2.1,,
"2021-03-07 00:00:00",1700649,31.1,114713,2.1,,
"2021-03-08 00:00:00",1715536,31.4,119300,2.2,,
"2021-03-09 00:00:00",1734097,31.7,128541,2.4,,
"2021-03-10 00:00:00",1750390,32,137249,2.5,,
"2021-03-11 00:00:00",1769357,32.4,144824,2.6,,
"2021-03-12 00:00:00",1790934,32.8,151486,2.8,,
"2021-03-13 00:00:00",1815122,33.2,156415,2.9,,
"2021-03-14 00:00:00",1835257,33.6,158322,2.9,,
"2021-03-15 00:00:00",1867523,34.2,165765,3,,
"2021-03-16 00:00:00",1904759,34.8,177167,3.2,,
"2021-03-17 00:00:00",1947085,35.6,187581,3.4,,
"2021-03-18 00:00:00",1989222,36.4,197393,3.6,,
"2021-03-19 00:00:00",2031010,37.2,205163,3.8,,
"2021-03-20 00:00:00",2072656,37.9,217932,4,,
"2021-03-21 00:00:00",2102943,38.5,220494,4,,
"2021-03-22 00:00:00",2135945,39.1,230651,4.2,,
"2021-03-23 00:00:00",2170758,39.7,245598,4.5,,
"2021-03-24 00:00:00",2206916,40.4,259793,4.8,,
"2021-03-25 00:00:00",2242505,41,275535,5,,
"2021-03-26 00:00:00",2275817,41.6,289836,5.3,,
"2021-03-27 00:00:00",2304148,42.2,316639,5.8,,
"2021-03-28 00:00:00",2325893,42.6,323011,5.9,,
"2021-03-29 00:00:00",2352708,43,339433,6.2,,
"2021-03-30 00:00:00",2380139,43.5,362563,6.6,,
"2021-03-31 00:00:00",2407841,44.1,390200,7.1,,
"2021-04-01 00:00:00",2431384,44.5,411983,7.5,,
"2021-04-02 00:00:00",2450297,44.8,427327,7.8,,
"2021-04-03 00:00:00",2465756,45.1,439456,8,,
"2021-04-04 00:00:00",2476893,45.3,443237,8.1,,
"2021-04-05 00:00:00",2489972,45.6,450966,8.3,,
"2021-04-06 00:00:00",2505802,45.8,469058,8.6,,
"2021-04-07 00:00:00",2520636,46.1,493356,9,,
"2021-04-08 00:00:00",2536424,46.4,517884,9.5,,
"2021-04-09 00:00:00",2555300,46.7,538310,9.8,,
"2021-04-10 00:00:00",2570002,47,568584,10.4,,
"2021-04-11 00:00:00",2579724,47.2,577287,10.6,,
"2021-04-12 00:00:00",2593691,47.5,597661,10.9,,
"2021-04-13 00:00:00",2606053,47.7,622851,11.4,,
"2021-04-14 00:00:00",2620186,47.9,652348,11.9,,
"2021-04-15 00:00:00",2632114,48.2,676530,12.4,,
"2021-04-16 00:00:00",2642665,48.3,699523,12.8,,
"2021-04-17 00:00:00",2653293,48.5,727444,13.3,,
"2021-04-18 00:00:00",2656237,48.6,738163,13.5,,
"2021-04-19 00:00:00",2658416,48.6,781491,14.3,,
"2021-04-20 00:00:00",2660425,48.7,831316,15.2,,
"2021-04-21 00:00:00",2662627,48.7,881283,16.1,,
"2021-04-22 00:00:00",2665489,48.8,927757,17,,
"2021-04-23 00:00:00",2670943,48.9,965511,17.7,,
"2021-04-24 00:00:00",2674606,48.9,1012746,18.5,,
"2021-04-25 00:00:00",2677150,49,1039393,19,,
"2021-04-26 00:00:00",2684413,49.1,1075002,19.7,,
"2021-04-27 00:00:00",2691974,49.2,1114264,20.4,,
"2021-04-28 00:00:00",2698515,49.4,1155368,21.1,,
"2021-04-29 00:00:00",2705970,49.5,1195500,21.9,,
"2021-04-30 00:00:00",2715407,49.7,1232573,22.5,,
"2021-05-01 00:00:00",2721624,49.8,1262124,23.1,,
"2021-05-02 00:00:00",2727968,49.9,1287350,23.6,,
"2021-05-03 00:00:00",2736985,50.1,1308656,23.9,,
"2021-05-04 00:00:00",2749610,50.3,1335258,24.4,,
"2021-05-05 00:00:00",2763713,50.6,1362222,24.9,,
"2021-05-06 00:00:00",2779204,50.8,1385447,25.3,,
"2021-05-07 00:00:00",2792437,51.1,1403716,25.7,,
"2021-05-08 00:00:00",2807952,51.4,1423711,26,,
"2021-05-09 00:00:00",2817859,51.6,1437961,26.3,,
"2021-05-10 00:00:00",2836579,51.9,1456814,26.7,,
"2021-05-11 00:00:00",2856439,52.3,1479300,27.1,,
"2021-05-12 00:00:00",2875956,52.6,1502867,27.5,,
"2021-05-13 00:00:00",2893264,52.9,1525941,27.9,,
"2021-05-14 00:00:00",2910934,53.3,1548623,28.3,,
"2021-05-15 00:00:00",2928158,53.6,1568871,28.7,,
"2021-05-16 00:00:00",2942275,53.8,1585480,29,,
"2021-05-17 00:00:00",2951444,54,1617071,29.6,,
"2021-05-18 00:00:00",2963125,54.2,1651253,30.2,,
"2021-05-19 00:00:00",2974835,54.4,1684425,30.8,,
"2021-05-20 00:00:00",2988270,54.7,1714049,31.4,,
"2021-05-21 00:00:00",3001824,54.9,1744901,31.9,,
"2021-05-22 00:00:00",3015221,55.2,1773824,32.5,,
"2021-05-23 00:00:00",3027059,55.4,1795073,32.8,,
"2021-05-24 00:00:00",3043303,55.7,1822998,33.4,,
"2021-05-25 00:00:00",3060274,56,1855567,33.9,,
"2021-05-26 00:00:00",3079320,56.3,1884281,34.5,,
"2021-05-27 00:00:00",3100274,56.7,1911926,35,,
"2021-05-28 00:00:00",3119858,57.1,1938757,35.5,,
"2021-05-29 00:00:00",3137249,57.4,1962598,35.9,,
"2021-05-30 00:00:00",3153710,57.7,1981880,36.3,,
"2021-05-31 00:00:00",3169547,58,2012763,36.8,,
"2021-06-01 00:00:00",3188327,58.3,2044559,37.4,,
"2021-06-02 00:00:00",3207783,58.7,2076223,38,,
"2021-06-03 00:00:00",3227288,59,2107877,38.6,,
"2021-06-04 00:00:00",3247002,59.4,2139519,39.1,,
"2021-06-05 00:00:00",3267513,59.8,2166979,39.6,,
"2021-06-06 00:00:00",3286962,60.1,2188125,40,,
"2021-06-07 00:00:00",3304402,60.5,2219380,40.6,,
"2021-06-08 00:00:00",3322403,60.8,2251222,41.2,,
"2021-06-09 00:00:00",3341427,61.1,2282194,41.8,,
"2021-06-10 00:00:00",3359004,61.5,2310726,42.3,,
"2021-06-11 00:00:00",3376659,61.8,2337656,42.8,,
"2021-06-12 00:00:00",3397293,62.2,2361081,43.2,,
"2021-06-13 00:00:00",3415799,62.5,2380685,43.6,,
"2021-06-14 00:00:00",3430277,62.8,2405098,44,,
"2021-06-15 00:00:00",3449357,63.1,2427996,44.4,,
"2021-06-16 00:00:00",3468728,63.5,2450463,44.8,,
"2021-06-17 00:00:00",3488709,63.8,2470139,45.2,,
"2021-06-18 00:00:00",3507344,64.2,2489184,45.5,,
"2021-06-19 00:00:00",3525831,64.5,2506253,45.9,,
"2021-06-20 00:00:00",3542187,64.8,2520587,46.1,,
"2021-06-21 00:00:00",3558876,65.1,2536201,46.4,,
"2021-06-22 00:00:00",3575786,65.4,2550685,46.7,,
"2021-06-23 00:00:00",3589474,65.7,2565085,46.9,,
"2021-06-24 00:00:00",3604468,65.9,2580537,47.2,,
"2021-06-25 00:00:00",3622485,66.3,2596071,47.5,,
"2021-06-26 00:00:00",3640827,66.6,2608923,47.7,,
"2021-06-27 00:00:00",3656302,66.9,2620029,47.9,,
"2021-06-28 00:00:00",3672552,67.2,2629518,48.1,,
"2021-06-29 00:00:00",3690440,67.5,2640101,48.3,,
"2021-06-30 00:00:00",3706375,67.8,2651020,48.5,,
"2021-07-01 00:00:00",3720470,68.1,2664315,48.7,,
"2021-07-02 00:00:00",3732931,68.3,2676935,49,,
"2021-07-03 00:00:00",3744495,68.5,2688382,49.2,,
"2021-07-04 00:00:00",3755452,68.7,2700127,49.4,,
"2021-07-05 00:00:00",3765474,68.9,2717043,49.7,,
"2021-07-06 00:00:00",3775575,69.1,2734849,50,,
"2021-07-07 00:00:00",3786244,69.3,2752153,50.4,,
"2021-07-08 00:00:00",3796091,69.4,2769921,50.7,,
"2021-07-09 00:00:00",3804757,69.6,2787075,51,,
"2021-07-10 00:00:00",3813328,69.8,2802890,51.3,,
"2021-07-11 00:00:00",3819123,69.9,2818786,51.6,,
"2021-07-12 00:00:00",3825486,70,2828914,51.8,,
"2021-07-13 00:00:00",3831776,70.1,2840399,52,,
"2021-07-14 00:00:00",3839158,70.2,2853568,52.2,,
"2021-07-15 00:00:00",3845727,70.4,2866123,52.4,,
"2021-07-16 00:00:00",3851679,70.5,2879982,52.7,,
"2021-07-17 00:00:00",3857459,70.6,2891615,52.9,,
"2021-07-18 00:00:00",3863111,70.7,2903834,53.1,,
"2021-07-19 00:00:00",3865079,70.7,2920444,53.4,,
"2021-07-20 00:00:00",3867445,70.8,2936050,53.7,,
"2021-07-21 00:00:00",3869906,70.8,2953217,54,,
"2021-07-22 00:00:00",3871959,70.8,2969330,54.3,,
"2021-07-23 00:00:00",3874262,70.9,2988109,54.7,,
"2021-07-24 00:00:00",3876169,70.9,3002672,54.9,,
"2021-07-25 00:00:00",3877569,70.9,3015200,55.2,,
"2021-07-26 00:00:00",3879438,71,3032004,55.5,,
"2021-07-27 00:00:00",3881513,71,3048542,55.8,,
"2021-07-28 00:00:00",3883758,71.1,3068054,56.1,,
"2021-07-29 00:00:00",3885608,71.1,3085237,56.4,,
"2021-07-30 00:00:00",3887524,71.1,3102486,56.8,,
"2021-07-31 00:00:00",3888930,71.1,3121210,57.1,,
"2021-08-01 00:00:00",3890173,71.2,3137106,57.4,,
"2021-08-02 00:00:00",3891821,71.2,3154073,57.7,,
"2021-08-03 00:00:00",3893770,71.2,3172450,58,,
"2021-08-04 00:00:00",3895728,71.3,3191459,58.4,,
"2021-08-05 00:00:00",3897450,71.3,3207853,58.7,,
"2021-08-06 00:00:00",3899358,71.3,3226944,59,,
"2021-08-07 00:00:00",3901130,71.4,3244924,59.4,,
"2021-08-08 00:00:00",3902987,71.4,3262752,59.7,,
"2021-08-09 00:00:00",3905528,71.5,3278382,60,,
"2021-08-10 00:00:00",3910283,71.5,3295863,60.3,,
"2021-08-11 00:00:00",3914879,71.6,3314111,60.6,,
"2021-08-12 00:00:00",3920543,71.7,3332468,61,,
"2021-08-13 00:00:00",3925515,71.8,3350521,61.3,,
"2021-08-14 00:00:00",3930210,71.9,3369496,61.6,,
"2021-08-15 00:00:00",3933694,72,3386325,62,,
"2021-08-16 00:00:00",3937308,72,3400681,62.2,,
"2021-08-17 00:00:00",3940732,72.1,3416669,62.5,,
"2021-08-18 00:00:00",3943337,72.1,3430753,62.8,,
"2021-08-19 00:00:00",3945788,72.2,3444508,63,,
"2021-08-20 00:00:00",3949610,72.3,3458880,63.3,,
"2021-08-21 00:00:00",3953232,72.3,3474204,63.6,,
"2021-08-22 00:00:00",3956263,72.4,3488244,63.8,,
"2021-08-23 00:00:00",3958916,72.4,3503213,64.1,,
"2021-08-24 00:00:00",3962011,72.5,3519623,64.4,,
"2021-08-25 00:00:00",3965229,72.5,3534006,64.7,,
"2021-08-26 00:00:00",3967606,72.6,3545192,64.9,,
"2021-08-27 00:00:00",3970025,72.6,3556010,65.1,,
"2021-08-28 00:00:00",3973048,72.7,3570306,65.3,,
"2021-08-29 00:00:00",3975379,72.7,3583105,65.6,,
"2021-08-30 00:00:00",3977975,72.8,3595011,65.8,,
"2021-08-31 00:00:00",3980212,72.8,3605318,66,,
"2021-09-01 00:00:00",3982700,72.9,3613441,66.1,,
"2021-09-02 00:00:00",3985569,72.9,3622916,66.3,,
"2021-09-03 00:00:00",3988028,73,3630838,66.4,,
"2021-09-04 00:00:00",3992684,73,3640007,66.6,,
"2021-09-05 00:00:00",3996855,73.1,3649449,66.8,,
"2021-09-06 00:00:00",3998834,73.2,3655345,66.9,,
"2021-09-07 00:00:00",4001003,73.2,3662000,67,,
"2021-09-08 00:00:00",4003551,73.2,3669490,67.1,,
"2021-09-09 00:00:00",4005180,73.3,3674531,67.2,,
"2021-09-10 00:00:00",4007496,73.3,3680894,67.3,,
"2021-09-11 00:00:00",4010215,73.4,3688524,67.5,,
"2021-09-12 00:00:00",4012231,73.4,3695556,67.6,0,0
"2021-09-13 00:00:00",4014194,73.4,3698760,67.7,16,0
"2021-09-14 00:00:00",4016367,73.5,3702192,67.7,28,0
"2021-09-15 00:00:00",4017905,73.5,3705512,67.8,55,0
"2021-09-16 00:00:00",4019198,73.5,3708490,67.8,216,0
"2021-09-17 00:00:00",4020648,73.6,3711346,67.9,290,0
"2021-09-18 00:00:00",4023811,73.6,3716145,68,350,0
"2021-09-19 00:00:00",4026244,73.7,3719868,68.1,380,0
"2021-09-20 00:00:00",4029414,73.7,3722275,68.1,1513,0
"2021-09-21 00:00:00",4031694,73.8,3724304,68.1,3345,0.1
"2021-09-22 00:00:00",4034397,73.8,3726515,68.2,6094,0.1
"2021-09-23 00:00:00",4037166,73.9,3729271,68.2,10464,0.2
"2021-09-24 00:00:00",4040633,73.9,3731581,68.3,16048,0.3
"2021-09-25 00:00:00",4044982,74,3734496,68.3,20426,0.4
"2021-09-26 00:00:00",4049581,74.1,3737164,68.4,26398,0.5
"2021-09-27 00:00:00",4052410,74.1,3739658,68.4,35266,0.6
"2021-09-28 00:00:00",4054496,74.2,3742035,68.5,46373,0.8
"2021-09-29 00:00:00",4057718,74.2,3744517,68.5,59127,1.1
"2021-09-30 00:00:00",4062167,74.3,3746777,68.5,76180,1.4
"2021-10-01 00:00:00",4067570,74.4,3749286,68.6,89436,1.6
"2021-10-02 00:00:00",4076301,74.6,3751242,68.6,103474,1.9
"2021-10-03 00:00:00",4085677,74.7,3753122,68.7,112999,2.1
"2021-10-04 00:00:00",4091402,74.9,3755469,68.7,123375,2.3
"2021-10-05 00:00:00",4096833,75,3757751,68.7,137881,2.5
"2021-10-06 00:00:00",4101653,75,3759702,68.8,155274,2.8
"2021-10-07 00:00:00",4107288,75.1,3762058,68.8,173353,3.2
"2021-10-08 00:00:00",4112356,75.2,3764301,68.9,189871,3.5
"2021-10-09 00:00:00",4119915,75.4,3766201,68.9,206869,3.8
"2021-10-10 00:00:00",4127209,75.5,3768931,69,216047,4
"2021-10-11 00:00:00",4131800,75.6,3770524,69,235694,4.3
"2021-10-12 00:00:00",4136071,75.7,3772615,69,257261,4.7
"2021-10-13 00:00:00",4139679,75.7,3774268,69,278176,5.1
"2021-10-14 00:00:00",4143210,75.8,3776402,69.1,299123,5.5
"2021-10-15 00:00:00",4146192,75.9,3778330,69.1,320631,5.9
"2021-10-16 00:00:00",4149995,75.9,3780084,69.2,340796,6.2
"2021-10-17 00:00:00",4152984,76,3782107,69.2,358468,6.6
"2021-10-18 00:00:00",4155406,76,3783747,69.2,383583,7
"2021-10-19 00:00:00",4157698,76.1,3785677,69.3,411753,7.5
"2021-10-20 00:00:00",4160355,76.1,3787729,69.3,441329,8.1
"2021-10-21 00:00:00",4162748,76.2,3789732,69.3,471224,8.6
"2021-10-22 00:00:00",4165233,76.2,3791567,69.4,499697,9.1
"2021-10-23 00:00:00",4168303,76.3,3793208,69.4,532486,9.7
"2021-10-24 00:00:00",4170944,76.3,3796108,69.4,555598,10.2
"2021-10-25 00:00:00",4172277,76.3,3797812,69.5,584584,10.7
"2021-10-26 00:00:00",4173391,76.4,3799624,69.5,613863,11.2
"2021-10-27 00:00:00",4174462,76.4,3801489,69.5,646083,11.8
"2021-10-28 00:00:00",4175568,76.4,3803217,69.6,675895,12.4
"2021-10-29 00:00:00",4176630,76.4,3804620,69.6,705138,12.9
"2021-10-30 00:00:00",4178233,76.4,3806331,69.6,735511,13.5
"2021-10-31 00:00:00",4179288,76.5,3807444,69.7,759160,13.9
"2021-11-01 00:00:00",4180589,76.5,3809228,69.7,782108,14.3
"2021-11-02 00:00:00",4181678,76.5,3810597,69.7,807816,14.8
"2021-11-03 00:00:00",4182474,76.5,3811716,69.7,841094,15.4
"2021-11-04 00:00:00",4183276,76.5,3812867,69.8,874155,16
"2021-11-05 00:00:00",4184457,76.6,3814478,69.8,906761,16.6
"2021-11-06 00:00:00",4185615,76.6,3815968,69.8,939078,17.2
"2021-11-07 00:00:00",4186493,76.6,3817134,69.8,967612,17.7
"2021-11-08 00:00:00",4187255,76.6,3818316,69.9,996091,18.2
"2021-11-09 00:00:00",4187911,76.6,3819617,69.9,1027078,18.8
"2021-11-10 00:00:00",4188867,76.6,3821384,69.9,1059828,19.4
"2021-11-11 00:00:00",4189573,76.6,3822604,69.9,1092445,20
"2021-11-12 00:00:00",4190559,76.7,3823927,70,1123812,20.6
"2021-11-13 00:00:00",4191735,76.7,3825411,70,1155329,21.1
"2021-11-14 00:00:00",4194157,76.7,3828582,70,1179648,21.6
"2021-11-15 00:00:00",4195239,76.8,3829804,70.1,1208347,22.1
"2021-11-16 00:00:00",4196439,76.8,3831099,70.1,1240552,22.7
"2021-11-17 00:00:00",4197755,76.8,3832699,70.1,1277492,23.4
"2021-11-18 00:00:00",4199128,76.8,3834160,70.1,1312483,24
"2021-11-19 00:00:00",4200131,76.8,3835407,70.2,1345161,24.6
"2021-11-20 00:00:00",4201246,76.9,3836754,70.2,1378262,25.2
"2021-11-21 00:00:00",4202176,76.9,3837916,70.2,1407143,25.7
"2021-11-22 00:00:00",4203016,76.9,3838979,70.2,1438390,26.3
"2021-11-23 00:00:00",4203957,76.9,3840261,70.3,1470931,26.9
"2021-11-24 00:00:00",4204782,76.9,3841392,70.3,1504023,27.5
"2021-11-25 00:00:00",4205658,76.9,3842564,70.3,1536227,28.1
"2021-11-26 00:00:00",4206443,77,3843697,70.3,1566134,28.7
"2021-11-27 00:00:00",4207338,77,3844749,70.3,1596739,29.2
"2021-11-28 00:00:00",4208226,77,3846722,70.4,1626380,29.8
"2021-11-29 00:00:00",4209014,77,3847880,70.4,1654408,30.3
"2021-11-30 00:00:00",4210035,77,3849414,70.4,1688084,30.9
"2021-12-01 00:00:00",4211077,77,3851142,70.5,1721258,31.5
"2021-12-02 00:00:00",4211987,77.1,3852830,70.5,1755423,32.1
"2021-12-03 00:00:00",4212999,77.1,3854491,70.5,1787670,32.7
"2021-12-04 00:00:00",4213869,77.1,3855939,70.5,1823773,33.4
"2021-12-05 00:00:00",4215815,77.1,3858445,70.6,1853095,33.9
"2021-12-06 00:00:00",4216720,77.1,3859866,70.6,1885603,34.5
"2021-12-07 00:00:00",4217970,77.2,3861805,70.7,1923507,35.2
"2021-12-08 00:00:00",4218938,77.2,3863627,70.7,1961941,35.9
"2021-12-09 00:00:00",4219942,77.2,3865477,70.7,1999771,36.6
"2021-12-10 00:00:00",4221028,77.2,3867357,70.8,2034957,37.2
"2021-12-11 00:00:00",4222196,77.2,3869561,70.8,2074817,38
"2021-12-12 00:00:00",4224228,77.3,3872464,70.8,2112696,38.7
"2021-12-13 00:00:00",4225668,77.3,3874526,70.9,2158197,39.5
"2021-12-14 00:00:00",4227163,77.3,3877214,70.9,2211960,40.5
"2021-12-15 00:00:00",4228672,77.4,3879919,71,2271012,41.5
"2021-12-16 00:00:00",4229936,77.4,3882089,71,2333720,42.7
"2021-12-17 00:00:00",4231210,77.4,3884530,71.1,2392668,43.8
"2021-12-18 00:00:00",4232852,77.4,3887483,71.1,2457623,45
"2021-12-19 00:00:00",4234385,77.5,3890368,71.2,2517397,46.1
"2021-12-20 00:00:00",4235628,77.5,3892736,71.2,2584982,47.3
"2021-12-21 00:00:00",4237166,77.5,3895551,71.3,2661909,48.7
"2021-12-22 00:00:00",4238479,77.5,3898606,71.3,2734401,50
"2021-12-23 00:00:00",4239552,77.6,3901259,71.4,2792077,51.1
"2021-12-24 00:00:00",4239869,77.6,3902079,71.4,2806838,51.4
"2021-12-25 00:00:00",4239869,77.6,3902079,71.4,2806845,51.4
"2021-12-26 00:00:00",4239869,77.6,3902079,71.4,2806847,51.4
"2021-12-27 00:00:00",4240405,77.6,3903269,71.4,2826700,51.7
"2021-12-28 00:00:00",4241054,77.6,3904943,71.4,2851089,52.2
"2021-12-29 00:00:00",4242116,77.6,3907460,71.5,2893704,52.9
"2021-12-30 00:00:00",4243509,77.6,3910322,71.5,2927518,53.6
"2021-12-31 00:00:00",4244044,77.6,3911949,71.6,2940422,53.8
"2022-01-01 00:00:00",4244044,77.6,3911949,71.6,2940425,53.8
"2022-01-02 00:00:00",4244048,77.6,3911952,71.6,2940438,53.8
"2022-01-03 00:00:00",4245132,77.7,3917681,71.7,2953721,54
"2022-01-04 00:00:00",4246346,77.7,3922862,71.8,2966785,54.3
"2022-01-05 00:00:00",4247870,77.7,3928383,71.9,2988691,54.7
"2022-01-06 00:00:00",4249174,77.7,3932115,71.9,3009350,55.1
"2022-01-07 00:00:00",4250693,77.8,3936152,72,3028181,55.4
"2022-01-08 00:00:00",4252138,77.8,3940256,72.1,3046752,55.7
"2022-01-09 00:00:00",4253252,77.8,3943264,72.1,3060529,56
"2022-01-10 00:00:00",4254197,77.8,3946186,72.2,3075568,56.3
"2022-01-11 00:00:00",4255227,77.8,3949201,72.3,3090263,56.5
"2022-01-12 00:00:00",4256224,77.9,3951945,72.3,3103530,56.8
"2022-01-13 00:00:00",4257207,77.9,3955142,72.4,3115360,57
"2022-01-14 00:00:00",4258279,77.9,3958741,72.4,3128365,57.2
"2022-01-15 00:00:00",4259204,77.9,3971324,72.7,3139505,57.4
"2022-01-16 00:00:00",4260531,77.9,3981703,72.8,3147678,57.6
"2022-01-17 00:00:00",4261335,78,3984345,72.9,3156960,57.8
"2022-01-18 00:00:00",4262211,78,3986574,72.9,3165789,57.9
"2022-01-19 00:00:00",4262981,78,3988593,73,3173266,58.1
"2022-01-20 00:00:00",4263809,78,3990728,73,3180240,58.2
"2022-01-21 00:00:00",4264535,78,3993444,73.1,3187545,58.3
"2022-01-22 00:00:00",4265254,78,3996591,73.1,3194332,58.4
"2022-01-23 00:00:00",4265849,78,3999577,73.2,3199495,58.5
"2022-01-24 00:00:00",4266371,78.1,4003523,73.2,3205265,58.6
"2022-01-25 00:00:00",4267071,78.1,4006500,73.3,3210692,58.7
"2022-01-26 00:00:00",4267860,78.1,4008648,73.3,3215856,58.8
"2022-01-27 00:00:00",4268694,78.1,4010575,73.4,3221020,58.9
"2022-01-28 00:00:00",4269592,78.1,4012765,73.4,3227390,59
"2022-01-29 00:00:00",4271611,78.1,4015126,73.5,3231921,59.1
"2022-01-30 00:00:00",4273057,78.2,4017574,73.5,3236340,59.2
"2022-01-31 00:00:00",4273719,78.2,4018696,73.5,3240108,59.3
"2022-02-01 00:00:00",4274493,78.2,4019696,73.5,3243480,59.3
"2022-02-02 00:00:00",4275337,78.2,4020839,73.6,3247756,59.4
"2022-02-03 00:00:00",4276123,78.2,4021746,73.6,3251139,59.5
"2022-02-04 00:00:00",4276980,78.2,4023220,73.6,3255103,59.6
"2022-02-05 00:00:00",4278632,78.3,4024324,73.6,3258141,59.6
"2022-02-06 00:00:00",4279885,78.3,4025277,73.6,3260628,59.7
"2022-02-07 00:00:00",4280531,78.3,4026213,73.7,3265119,59.7
"2022-02-08 00:00:00",4281003,78.3,4027015,73.7,3269003,59.8
"2022-02-09 00:00:00",4281606,78.3,4027909,73.7,3272885,59.9
"2022-02-10 00:00:00",4282108,78.3,4028680,73.7,3277660,60
"2022-02-11 00:00:00",4282882,78.4,4029883,73.7,3284193,60.1
"2022-02-12 00:00:00",4283812,78.4,4030821,73.7,3288620,60.2
"2022-02-13 00:00:00",4284718,78.4,4031606,73.8,3291739,60.2
"2022-02-14 00:00:00",4285329,78.4,4032561,73.8,3298466,60.3
"2022-02-15 00:00:00",4285908,78.4,4033710,73.8,3305214,60.5
"2022-02-16 00:00:00",4286508,78.4,4034733,73.8,3310840,60.6
"2022-02-17 00:00:00",4287186,78.4,4035982,73.8,3316863,60.7
"2022-02-18 00:00:00",4287682,78.4,4037213,73.9,3323179,60.8
"2022-02-19 00:00:00",4288269,78.5,4038108,73.9,3329476,60.9
"2022-02-20 00:00:00",4288593,78.5,4038735,73.9,3335900,61
"2022-02-21 00:00:00",4288953,78.5,4039462,73.9,3342617,61.2
"2022-02-22 00:00:00",4289261,78.5,4040309,73.9,3348934,61.3
"2022-02-23 00:00:00",4289569,78.5,4040994,73.9,3354200,61.4
"2022-02-24 00:00:00",4289854,78.5,4041670,73.9,3358079,61.4
"2022-02-25 00:00:00",4290268,78.5,4042564,74,3362984,61.5
"2022-02-26 00:00:00",4290790,78.5,4043207,74,3366479,61.6
"2022-02-27 00:00:00",4291273,78.5,4043707,74,3368676,61.6
"2022-02-28 00:00:00",4291570,78.5,4044295,74,3371858,61.7
"2022-03-01 00:00:00",4291841,78.5,4045074,74,3375049,61.7
"2022-03-02 00:00:00",4292075,78.5,4045703,74,3378019,61.8
"2022-03-03 00:00:00",4292315,78.5,4046374,74,3381029,61.9
"2022-03-04 00:00:00",4292576,78.5,4046935,74,3383783,61.9
"2022-03-05 00:00:00",4292818,78.5,4047540,74,3386154,61.9
"2022-03-06 00:00:00",4293020,78.5,4048226,74.1,3388586,62
"2022-03-07 00:00:00",4293233,78.5,4049198,74.1,3391339,62
"2022-03-08 00:00:00",4293479,78.5,4050187,74.1,3394011,62.1
"2022-03-09 00:00:00",4293698,78.6,4051083,74.1,3396068,62.1
"2022-03-10 00:00:00",4293911,78.6,4051894,74.1,3397946,62.2
"2022-03-11 00:00:00",4294129,78.6,4052623,74.1,3399920,62.2
"2022-03-12 00:00:00",4294448,78.6,4053827,74.2,3401828,62.2
"2022-03-13 00:00:00",4294815,78.6,4055414,74.2,3403329,62.3
"2022-03-14 00:00:00",4295052,78.6,4056092,74.2,3405060,62.3
"2022-03-15 00:00:00",4295276,78.6,4056791,74.2,3406905,62.3
"2022-03-16 00:00:00",4295488,78.6,4057587,74.2,3408460,62.4
"2022-03-17 00:00:00",4295693,78.6,4058252,74.2,3409987,62.4
"2022-03-18 00:00:00",4295927,78.6,4059047,74.3,3411412,62.4
"2022-03-19 00:00:00",4299546,78.7,4059349,74.3,3411961,62.4
"2022-03-20 00:00:00",4302955,78.7,4059701,74.3,3412559,62.4
"2022-03-21 00:00:00",4304229,78.7,4060350,74.3,3414010,62.5
"2022-03-22 00:00:00",4305334,78.8,4060940,74.3,3415205,62.5
"2022-03-23 00:00:00",4306539,78.8,4061510,74.3,3416311,62.5
"2022-03-24 00:00:00",4307876,78.8,4062179,74.3,3417477,62.5
"2022-03-25 00:00:00",4309485,78.8,4062859,74.3,3418710,62.5
"2022-03-26 00:00:00",4314113,78.9,4063684,74.3,3419407,62.6
"2022-03-27 00:00:00",4318252,79,4064270,74.4,3419959,62.6
"2022-03-28 00:00:00",4319386,79,4064917,74.4,3421210,62.6
"2022-03-29 00:00:00",4320492,79,4065536,74.4,3422423,62.6
"2022-03-30 00:00:00",4321462,79.1,4066110,74.4,3423398,62.6
"2022-03-31 00:00:00",4322383,79.1,4066638,74.4,3424519,62.7
"2022-04-01 00:00:00",4323047,79.1,4067354,74.4,3425752,62.7
"2022-04-02 00:00:00",4326325,79.1,4068109,74.4,3426618,62.7
"2022-04-03 00:00:00",4329399,79.2,4068834,74.4,3427336,62.7
"2022-04-04 00:00:00",4331615,79.2,4069448,74.5,3428278,62.7
"2022-04-05 00:00:00",4333929,79.3,4070075,74.5,3429237,62.7
"2022-04-06 00:00:00",4336119,79.3,4070797,74.5,3430147,62.8
"2022-04-07 00:00:00",4337917,79.4,4071520,74.5,3431107,62.8
"2022-04-08 00:00:00",4339840,79.4,4072206,74.5,3432185,62.8
"2022-04-09 00:00:00",4343014,79.5,4072910,74.5,3432966,62.8
"2022-04-10 00:00:00",4345716,79.5,4073488,74.5,3433649,62.8
"2022-04-11 00:00:00",4347037,79.5,4074375,74.5,3434989,62.8
"2022-04-12 00:00:00",4348168,79.5,4075172,74.6,3436228,62.9
"2022-04-13 00:00:00",4349301,79.6,4075929,74.6,3437463,62.9
"2022-04-14 00:00:00",4350399,79.6,4076748,74.6,3438719,62.9
"2022-04-15 00:00:00",4350730,79.6,4077212,74.6,3439320,62.9
"2022-04-16 00:00:00",4352488,79.6,4077943,74.6,3440176,62.9
"2022-04-17 00:00:00",4353432,79.6,4078368,74.6,3440773,62.9
"2022-04-18 00:00:00",4353739,79.7,4078577,74.6,3441137,63
"2022-04-19 00:00:00",4354359,79.7,4079141,74.6,3442249,63
"2022-04-20 00:00:00",4354752,79.7,4079600,74.6,3443197,63
"2022-04-21 00:00:00",4355290,79.7,4080145,74.6,3444351,63
"2022-04-22 00:00:00",4356266,79.7,4080664,74.7,3445343,63
"2022-04-23 00:00:00",4359222,79.8,4081433,74.7,3446135,63
"2022-04-24 00:00:00",4361813,79.8,4082015,74.7,3446855,63.1
"2022-04-25 00:00:00",4362215,79.8,4082640,74.7,3448029,63.1
"2022-04-26 00:00:00",4362516,79.8,4083127,74.7,3449050,63.1
"2022-04-27 00:00:00",4362794,79.8,4083632,74.7,3449977,63.1
"2022-04-28 00:00:00",4363043,79.8,4084114,74.7,3450987,63.1
"2022-04-29 00:00:00",4363400,79.8,4084795,74.7,3452074,63.2
"2022-04-30 00:00:00",4365492,79.9,4085478,74.7,3452927,63.2
"2022-05-01 00:00:00",4366695,79.9,4085955,74.8,3453524,63.2
"2022-05-02 00:00:00",4366785,79.9,4086195,74.8,3454017,63.2
"2022-05-03 00:00:00",4367119,79.9,4086683,74.8,3454995,63.2
"2022-05-04 00:00:00",4367418,79.9,4087193,74.8,3455967,63.2
"2022-05-05 00:00:00",4367672,79.9,4087637,74.8,3456768,63.2
"2022-05-06 00:00:00",4368090,79.9,4088269,74.8,3458001,63.3
"2022-05-07 00:00:00",4369976,79.9,4089762,74.8,3459072,63.3
"2022-05-08 00:00:00",4370875,80,4090805,74.8,3459922,63.3
"2022-05-09 00:00:00",4371158,80,4091350,74.9,3461310,63.3
"2022-05-10 00:00:00",4371378,80,4091734,74.9,3462422,63.3
"2022-05-11 00:00:00",4371665,80,4092211,74.9,3463661,63.4
"2022-05-12 00:00:00",4371857,80,4092570,74.9,3464552,63.4
"2022-05-13 00:00:00",4372126,80,4093044,74.9,3465588,63.4
"2022-05-14 00:00:00",4373678,80,4093698,74.9,3466441,63.4
"2022-05-15 00:00:00",4374781,80,4094257,74.9,3467363,63.4
"2022-05-16 00:00:00",4374977,80,4094642,74.9,3468340,63.5
"2022-05-17 00:00:00",4375137,80,4094971,74.9,3469095,63.5
"2022-05-18 00:00:00",4375373,80,4095392,74.9,3469970,63.5
"2022-05-19 00:00:00",4375538,80.1,4095767,74.9,3470775,63.5
"2022-05-20 00:00:00",4375954,80.1,4096281,74.9,3471635,63.5
"2022-05-21 00:00:00",4377044,80.1,4097000,75,3472578,63.5
"2022-05-22 00:00:00",4377970,80.1,4097745,75,3473682,63.6
"2022-05-23 00:00:00",4378149,80.1,4098253,75,3474602,63.6
"2022-05-24 00:00:00",4378287,80.1,4098581,75,3475288,63.6
"2022-05-25 00:00:00",4378521,80.1,4099052,75,3476099,63.6
"2022-05-26 00:00:00",4378723,80.1,4099521,75,3476963,63.6
"2022-05-27 00:00:00",4378940,80.1,4100076,75,3477889,63.6
"2022-05-28 00:00:00",4380270,80.1,4100627,75,3478542,63.6
"2022-05-29 00:00:00",4381146,80.2,4101255,75,3479312,63.7
"2022-05-30 00:00:00",4381360,80.2,4101681,75,3480424,63.7
"2022-05-31 00:00:00",4381545,80.2,4102084,75,3481473,63.7
"2022-06-01 00:00:00",4381746,80.2,4102542,75.1,3482859,63.7
"2022-06-02 00:00:00",4381954,80.2,4102975,75.1,3483706,63.7
"2022-06-03 00:00:00",4381989,80.2,4103081,75.1,3483906,63.7
"2022-06-04 00:00:00",4383015,80.2,4103604,75.1,3485342,63.8
"2022-06-05 00:00:00",4383673,80.2,4104268,75.1,3486898,63.8
"2022-06-06 00:00:00",4383829,80.2,4104740,75.1,3487638,63.8
"2022-06-07 00:00:00",4384010,80.2,4105270,75.1,3488330,63.8
"2022-06-08 00:00:00",4384228,80.2,4105751,75.1,3489164,63.8
"2022-06-09 00:00:00",4384401,80.2,4106169,75.1,3490136,63.9
"2022-06-10 00:00:00",4384597,80.2,4106670,75.1,3491406,63.9
"2022-06-11 00:00:00",4385844,80.2,4107777,75.2,3492363,63.9
"2022-06-12 00:00:00",4386432,80.2,4108650,75.2,3493311,63.9
"2022-06-13 00:00:00",4386620,80.3,4109058,75.2,3494253,63.9
"2022-06-14 00:00:00",4386796,80.3,4109443,75.2,3494966,63.9
"2022-06-15 00:00:00",4386924,80.3,4109753,75.2,3495713,64
"2022-06-16 00:00:00",4387141,80.3,4110324,75.2,3496558,64
"2022-06-17 00:00:00",4387509,80.3,4110868,75.2,3497221,64
"2022-06-18 00:00:00",4389328,80.3,4113447,75.3,3497890,64
"2022-06-19 00:00:00",4390180,80.3,4115394,75.3,3498411,64
"2022-06-20 00:00:00",4390377,80.3,4115968,75.3,3499096,64
"2022-06-21 00:00:00",4390507,80.3,4116401,75.3,3499607,64
"2022-06-22 00:00:00",4390640,80.3,4116841,75.3,3500217,64
"2022-06-23 00:00:00",4390826,80.3,4117513,75.3,3500802,64
"2022-06-24 00:00:00",4391093,80.3,4118084,75.3,3501409,64.1
"2022-06-25 00:00:00",4392134,80.4,4121231,75.4,3501915,64.1
"2022-06-26 00:00:00",4392688,80.4,4123880,75.4,3502394,64.1
"2022-06-27 00:00:00",4392890,80.4,4125054,75.5,3503058,64.1
"2022-06-28 00:00:00",4393050,80.4,4125942,75.5,3503639,64.1
"2022-06-29 00:00:00",4393214,80.4,4126774,75.5,3504211,64.1
"2022-06-30 00:00:00",4393443,80.4,4127994,75.5,3504890,64.1
"2022-07-01 00:00:00",4393582,80.4,4128694,75.5,3505464,64.1
"2022-07-02 00:00:00",4394291,80.4,4130412,75.6,3505893,64.1
"2022-07-03 00:00:00",4394626,80.4,4131586,75.6,3506328,64.1
"2022-07-04 00:00:00",4395053,80.4,4132495,75.6,3506889,64.2
"2022-07-05 00:00:00",4395219,80.4,4133092,75.6,3507261,64.2
"2022-07-06 00:00:00",4395476,80.4,4133956,75.6,3507711,64.2
"2022-07-07 00:00:00",4395880,80.4,4135174,75.7,3508236,64.2
"2022-07-08 00:00:00",4396145,80.4,4136093,75.7,3508622,64.2
"2022-07-09 00:00:00",4396840,80.4,4138127,75.7,3508914,64.2
"2022-07-10 00:00:00",4397091,80.4,4139066,75.7,3509244,64.2
"2022-07-11 00:00:00",4397244,80.4,4139537,75.7,3509647,64.2
"2022-07-12 00:00:00",4397392,80.4,4140066,75.7,3510108,64.2
"2022-07-13 00:00:00",4397546,80.5,4140592,75.8,3510537,64.2
"2022-07-14 00:00:00",4397731,80.5,4141333,75.8,3511104,64.2
"2022-07-15 00:00:00",4397870,80.5,4141928,75.8,3511584,64.2
"2022-07-16 00:00:00",4398481,80.5,4143428,75.8,3511919,64.3
"2022-07-17 00:00:00",4398605,80.5,4143828,75.8,3512182,64.3
"2022-07-18 00:00:00",4398772,80.5,4144222,75.8,3512522,64.3
"2022-07-19 00:00:00",4398850,80.5,4144478,75.8,3512822,64.3
"2022-07-20 00:00:00",4398998,80.5,4144831,75.8,3513178,64.3
"2022-07-21 00:00:00",4399120,80.5,4145231,75.8,3513641,64.3
"2022-07-22 00:00:00",4399372,80.5,4146601,75.9,3514044,64.3
"2022-07-23 00:00:00",4399854,80.5,4147960,75.9,3514433,64.3
"2022-07-24 00:00:00",4400017,80.5,4148604,75.9,3514783,64.3
"2022-07-25 00:00:00",4400145,80.5,4149122,75.9,3515259,64.3
"2022-07-26 00:00:00",4400236,80.5,4149378,75.9,3515629,64.3
"2022-07-27 00:00:00",4400405,80.5,4149743,75.9,3516001,64.3
"2022-07-28 00:00:00",4400533,80.5,4150083,75.9,3516440,64.3
"2022-07-29 00:00:00",4400720,80.5,4150980,75.9,3516784,64.3
"2022-07-30 00:00:00",4401140,80.5,4152222,76,3517056,64.3
"2022-07-31 00:00:00",4401352,80.5,4152699,76,3517346,64.3
"2022-08-01 00:00:00",4401509,80.5,4153104,76,3517729,64.4
"2022-08-02 00:00:00",4401619,80.5,4153361,76,3518028,64.4
"2022-08-03 00:00:00",4401792,80.5,4153667,76,3518381,64.4
"2022-08-04 00:00:00",4401990,80.5,4154091,76,3518819,64.4
"2022-08-05 00:00:00",4402179,80.5,4154704,76,3519126,64.4
"2022-08-06 00:00:00",4402546,80.5,4155983,76,3519392,64.4
"2022-08-07 00:00:00",4402670,80.5,4156543,76,3519599,64.4
"2022-08-08 00:00:00",4402764,80.5,4156850,76,3519954,64.4
"2022-08-09 00:00:00",4402866,80.6,4157175,76.1,3520207,64.4
"2022-08-10 00:00:00",4403044,80.6,4157602,76.1,3520568,64.4
"2022-08-11 00:00:00",4403202,80.6,4158099,76.1,3520871,64.4
"2022-08-12 00:00:00",4403310,80.6,4158355,76.1,3521138,64.4
"2022-08-13 00:00:00",4403726,80.6,4159751,76.1,3521379,64.4
"2022-08-14 00:00:00",4403842,80.6,4160156,76.1,3521591,64.4
"2022-08-15 00:00:00",4404085,80.6,4160448,76.1,3521895,64.4
"2022-08-16 00:00:00",4404156,80.6,4160708,76.1,3522193,64.4
"2022-08-17 00:00:00",4404209,80.6,4160847,76.1,3522426,64.4
"2022-08-18 00:00:00",4404305,80.6,4161134,76.1,3522685,64.4
"2022-08-19 00:00:00",4404417,80.6,4161350,76.1,3523008,64.5
"2022-08-20 00:00:00",4404820,80.6,4162847,76.2,3523317,64.5
"2022-08-21 00:00:00",4404948,80.6,4163473,76.2,3523531,64.5
"2022-08-22 00:00:00",4405065,80.6,4163810,76.2,3523881,64.5
"2022-08-23 00:00:00",4405116,80.6,4163947,76.2,3524137,64.5
"2022-08-24 00:00:00",4405197,80.6,4164056,76.2,3524334,64.5
"2022-08-25 00:00:00",4405267,80.6,4164213,76.2,3524582,64.5
"2022-08-26 00:00:00",4405353,80.6,4164381,76.2,3524832,64.5
"2022-08-27 00:00:00",4405623,80.6,4165796,76.2,3525108,64.5
"2022-08-28 00:00:00",4405811,80.6,4166418,76.2,3525362,64.5
"2022-08-29 00:00:00",4405862,80.6,4166569,76.2,3525606,64.5
"2022-08-30 00:00:00",4405901,80.6,4166717,76.2,3525828,64.5
"2022-08-31 00:00:00",4405953,80.6,4166974,76.2,3526116,64.5
"2022-09-01 00:00:00",4406047,80.6,4167189,76.2,3526444,64.5
"2022-09-02 00:00:00",4406137,80.6,4167354,76.2,3526709,64.5
"2022-09-03 00:00:00",4406420,80.6,4168847,76.3,3526915,64.5
"2022-09-04 00:00:00",4406509,80.6,4169403,76.3,3527054,64.5
"2022-09-05 00:00:00",4406555,80.6,4169518,76.3,3527054,64.5
"2022-09-06 00:00:00",4406606,80.6,4169668,76.3,3527054,64.5
"2022-09-07 00:00:00",4406680,80.6,4169775,76.3,3527054,64.5
"2022-09-08 00:00:00",4406719,80.6,4169877,76.3,3527054,64.5
"2022-09-09 00:00:00",4406768,80.6,4170002,76.3,3527054,64.5
"2022-09-10 00:00:00",4406833,80.6,4170289,76.3,3527054,64.5
"2022-09-11 00:00:00",4406899,80.6,4170559,76.3,3527054,64.5